日期,USD,EUR,JPY,HKD,GBP,AUD,NZD,SGD,CHF,CAD,MOP,MYR,RUB,ZAR,KRW,AED,SAR,HUF,PLN,DKK,SEK,NOK,TRY,MXN,THB
2022-11-28,716.17,742.9,5.1392,91.644,863.82,481.07,445.53,519.85,756.31,534.57,-,62.646,835.81,239.56,18540.0,51.299,52.486,5511.58,63.222,100.11,145.88,138.39,260.243,269.94,501.23
2022-11-29,719.89,744.61,5.1866,92.115,861.24,479.07,443.88,522.04,758.58,533.97,-,62.415,844.21,238.09,18594.0,51.034,52.211,5467.97,63.019,99.88,146.46,139.15,258.993,268.37,496.18
2022-11-30,717.69,741.29,5.1723,91.869,857.48,479.08,444.48,521.59,751.97,528.05,-,62.89,849.5,236.9,18503.0,51.181,52.371,5480.35,63.15,100.38,147.64,139.54,259.918,268.06,493.91
2022-12-01,712.25,742.35,5.1712,91.304,860.07,484.09,449.33,523.83,754.2,530.87,-,62.262,858.01,241.18,18398.0,51.568,52.78,5510.82,62.918,100.19,147.2,138.0,261.579,270.63,494.07
2022-12-02,705.42,742.82,5.2177,90.687,865.02,480.41,449.16,521.42,753.22,525.39,-,62.373,867.16,249.1,18469.0,52.073,53.295,5552.09,63.167,100.15,146.04,137.79,264.273,271.44,493.59
2022-12-05,703.84,741.91,5.232,90.453,864.81,478.88,450.31,520.6,750.73,522.86,-,62.312,876.91,246.36,18473.0,52.175,53.395,5516.48,63.005,100.25,146.65,138.67,264.692,275.34,493.09
2022-12-06,697.46,732.51,5.1067,89.775,850.69,467.69,441.21,514.34,740.18,513.16,-,62.713,876.17,250.12,18697.0,52.66,53.889,5642.87,64.327,101.59,149.05,142.55,267.179,282.98,501.96
2022-12-07,699.75,732.46,5.1115,89.934,848.91,468.63,442.43,515.19,742.79,512.89,-,62.813,864.95,247.63,18882.0,52.494,53.731,5615.96,64.03,101.52,148.77,143.03,266.219,282.42,501.29
2022-12-08,696.06,731.66,5.1036,89.353,849.78,467.8,442.12,513.49,740.05,509.9,-,63.122,884.79,246.61,18915.0,52.772,54.026,5615.05,64.156,101.69,149.16,143.95,267.823,282.75,501.37
2022-12-09,695.88,734.6,5.0912,89.382,851.28,471.3,443.73,514.44,743.35,512.0,-,63.154,888.64,246.69,18913.0,52.772,54.004,5697.39,63.757,101.27,148.41,143.19,267.9,281.96,499.1
2022-12-12,695.65,731.91,5.0857,89.341,851.33,471.76,445.02,513.87,743.83,509.48,-,63.289,899.05,249.37,18743.0,52.807,54.066,5721.97,64.077,101.64,148.61,143.79,268.137,284.46,499.77
2022-12-13,697.46,734.95,5.0691,89.714,855.51,470.72,445.33,515.05,745.21,511.67,-,63.352,890.38,251.91,18715.0,52.663,53.923,5640.26,63.843,101.22,148.1,143.12,266.858,284.78,499.23
2022-12-14,695.35,738.6,5.1257,89.409,858.84,475.46,448.38,516.05,748.2,513.13,-,63.569,907.63,248.17,18617.0,52.818,54.066,5556.0,63.571,100.73,147.02,140.68,267.903,281.18,498.72
2022-12-15,693.43,740.62,5.1251,89.169,861.51,475.89,447.73,514.72,750.53,511.95,-,63.307,929.66,247.62,18684.0,52.958,54.214,5471.18,63.2,100.43,146.62,140.18,268.567,282.92,498.15
2022-12-16,697.91,742.02,5.0666,89.731,850.7,467.9,442.66,513.06,752.15,511.03,-,63.309,920.21,250.67,18810.0,52.629,53.89,5478.8,63.22,100.23,148.23,141.26,267.238,283.26,502.24
2022-12-19,697.46,738.61,5.1144,89.573,848.44,466.83,444.85,513.41,747.12,509.71,-,63.428,926.76,252.57,18731.0,52.664,53.925,5499.74,63.487,100.74,149.16,141.73,267.383,283.78,500.03
2022-12-20,698.61,741.12,5.1003,89.792,848.88,468.27,444.16,515.04,752.02,512.16,-,63.433,986.13,248.19,18638.0,52.575,53.827,5442.85,63.255,100.38,148.73,141.65,266.887,283.32,498.73
2022-12-21,696.5,740.14,5.2811,89.424,849.08,466.09,441.86,515.63,751.99,512.08,-,63.642,1005.35,248.56,18458.0,52.723,53.982,5433.61,63.114,100.51,149.58,141.75,267.829,283.75,497.98
2022-12-22,697.13,739.64,5.2684,89.508,842.3,467.73,438.45,516.03,752.56,512.25,-,63.626,1013.34,246.57,18359.0,52.683,53.951,5436.86,62.999,100.57,149.43,141.06,267.765,281.96,497.36
2022-12-23,698.1,739.84,5.2775,89.546,840.44,465.69,436.1,516.37,749.69,511.69,-,63.389,975.24,245.7,18383.0,52.62,53.882,5415.22,62.72,100.51,149.9,141.47,267.601,280.25,498.89
2022-12-26,698.25,741.19,5.26,89.451,842.34,468.56,438.27,517.18,747.92,513.29,-,63.357,989.35,243.56,18318.0,52.588,53.848,5397.17,62.583,100.3,150.67,141.19,267.091,277.33,497.38
2022-12-27,695.46,740.07,5.2391,89.139,840.03,469.02,438.31,516.18,746.21,512.73,-,63.571,985.58,245.01,18318.0,52.806,54.074,5406.58,62.721,100.5,150.91,141.41,268.532,278.5,498.18
2022-12-28,696.81,740.9,5.2183,89.328,837.74,468.75,436.83,517.07,749.63,515.3,-,63.509,996.36,247.04,18246.0,52.712,53.943,5411.21,63.166,100.38,150.33,141.0,268.086,279.56,496.84
2022-12-29,697.93,741.61,5.2031,89.573,839.64,470.87,440.78,517.13,752.08,513.22,-,63.381,1034.87,245.47,18194.0,52.614,53.854,5415.62,63.236,100.26,149.89,141.66,268.098,278.43,497.3
2022-12-30,696.46,742.29,5.2358,89.327,839.41,471.38,441.62,518.31,754.32,513.85,-,63.405,1061.93,243.12,18106.0,52.726,53.971,5383.29,62.98,100.17,150.17,142.01,268.597,279.58,496.47
2023-01-03,694.75,741.33,5.308,88.991,837.77,472.57,439.27,517.85,751.38,512.44,-,63.338,1031.26,244.32,18336.0,52.862,54.107,5415.4,62.992,100.33,150.54,141.89,269.591,280.22,496.6
2023-01-04,691.31,729.21,5.2677,88.467,827.48,464.69,431.75,513.85,738.42,505.55,-,63.766,1056.36,246.34,18474.0,53.13,54.378,5487.22,64.081,101.98,152.87,145.93,271.098,280.8,497.54
2023-01-05,689.26,731.6,5.2136,88.172,831.23,471.01,433.63,514.1,741.7,511.45,-,63.868,1040.79,244.9,18433.0,53.303,54.559,5414.16,63.865,101.72,152.44,146.34,272.069,281.41,491.87
2023-01-06,689.12,725.35,5.1665,88.186,820.71,466.0,429.6,512.36,736.15,507.99,-,63.785,1049.56,249.08,18460.0,53.321,54.56,5470.35,64.59,102.58,155.04,148.77,272.517,280.46,494.02
2023-01-09,682.65,727.18,5.1703,87.431,826.07,470.17,433.44,511.79,736.23,507.9,-,64.286,1062.15,250.86,18387.0,53.813,55.064,5426.28,64.547,102.28,154.25,146.61,274.98,280.46,493.03
2023-01-10,676.11,725.49,5.1297,86.585,823.55,467.09,430.53,508.13,734.01,504.91,-,64.686,1031.13,250.73,18345.0,54.326,55.562,5471.01,64.69,102.52,153.86,146.47,277.396,283.16,494.51
2023-01-11,677.56,727.46,5.1273,86.751,823.27,467.18,431.75,508.93,734.25,504.74,-,64.526,1027.32,251.09,18334.0,54.201,55.4,5479.65,64.453,102.21,153.69,147.26,277.09,281.38,493.83
2023-01-12,676.8,728.77,5.134,86.64,823.07,467.97,431.13,508.83,727.2,504.31,-,64.509,1038.88,249.91,18379.0,54.257,55.483,5465.17,64.303,102.07,154.45,147.51,277.397,279.95,493.04
2023-01-13,672.92,730.67,5.208,86.171,822.17,468.87,429.65,509.01,725.82,503.23,-,64.607,1008.44,248.55,18406.0,54.59,55.828,5441.47,64.289,101.83,154.71,146.96,279.384,280.16,492.21
2023-01-16,671.35,727.09,5.2431,85.958,820.99,468.13,428.39,508.83,724.38,501.2,-,64.532,1018.72,250.96,18446.0,54.699,55.953,5454.07,64.56,102.36,154.39,147.09,279.836,279.62,490.23
2023-01-17,672.22,727.92,5.2395,86.064,820.25,468.1,429.52,509.29,726.22,501.71,-,64.184,1021.71,253.69,18409.0,54.629,55.86,5476.98,64.429,102.17,154.94,147.54,279.383,279.39,491.2
2023-01-18,676.02,729.13,5.2693,86.434,830.28,472.31,434.68,512.25,733.26,505.05,-,64.019,1012.62,252.4,18298.0,54.35,55.576,5443.77,64.45,102.03,154.17,146.02,277.516,276.05,488.05
2023-01-19,676.74,730.44,5.2658,86.487,835.38,469.87,435.84,512.55,738.67,501.46,-,63.778,1017.49,252.92,18300.0,54.275,55.488,5399.81,64.646,101.84,152.69,146.56,277.475,278.93,487.67
2023-01-20,677.02,733.61,5.2729,86.456,839.15,468.28,433.23,512.49,739.36,502.96,-,63.568,1024.82,255.17,18204.0,54.255,55.485,5374.68,64.349,101.41,152.31,146.13,277.715,280.49,485.34
2023-01-30,676.26,735.17,5.2089,86.368,838.54,480.6,439.16,515.37,734.49,508.25,-,62.722,1019.46,254.44,18194.0,54.315,55.511,5311.87,64.093,101.18,152.43,145.85,278.137,277.67,484.82
2023-01-31,676.04,733.54,5.184,86.267,834.83,476.96,437.29,514.35,730.45,504.96,-,62.751,1036.22,257.17,18203.0,54.329,55.529,5316.69,64.22,101.43,153.81,147.64,278.125,277.65,484.89
2023-02-01,674.92,733.18,5.1895,86.084,830.94,475.93,434.23,513.72,736.67,507.29,-,63.233,1044.01,257.93,18249.0,54.414,55.602,5334.55,64.217,101.46,154.74,147.9,278.724,279.21,486.95
2023-02-02,671.3,739.35,5.2211,85.624,832.05,479.84,437.38,514.3,740.48,506.0,-,63.4,1043.56,253.72,18207.0,54.713,55.899,5274.52,63.624,100.62,153.57,147.22,280.205,277.07,488.14
2023-02-03,673.82,734.97,5.2348,85.905,823.57,476.77,436.49,514.14,737.62,505.89,-,63.084,1042.92,253.56,18170.0,54.517,55.7,5243.95,63.753,101.26,154.05,149.06,279.218,276.98,490.08
2023-02-06,677.37,731.01,5.1434,86.314,816.06,469.21,428.78,511.39,731.72,505.06,-,62.883,1049.2,257.82,18279.0,54.243,55.421,5311.6,64.51,101.82,155.37,150.91,278.071,280.43,493.78
2023-02-07,679.67,729.01,5.1234,86.611,817.22,468.08,428.62,511.8,732.49,505.49,-,62.905,1053.85,259.87,18486.0,54.039,55.204,5411.97,65.043,102.07,156.21,152.07,277.032,282.03,496.11
2023-02-08,677.52,726.82,5.1677,86.329,816.31,471.39,428.06,511.75,735.06,505.71,-,63.427,1047.71,258.67,18520.0,54.208,55.371,5394.67,65.31,102.37,156.06,152.3,277.849,278.7,494.95
2023-02-09,679.05,727.53,5.1697,86.517,819.6,470.38,428.62,511.91,737.46,504.96,-,63.344,1063.83,261.66,18582.0,54.091,55.261,5315.74,65.152,102.25,155.91,151.89,277.333,278.92,493.29
2023-02-10,678.84,728.86,5.1636,86.479,822.63,471.18,429.52,512.15,736.03,504.65,-,63.599,1074.56,261.68,18609.0,54.105,55.285,5318.73,65.243,102.11,152.45,149.95,277.358,276.65,494.65
2023-02-13,681.51,727.37,5.1773,86.819,821.12,471.05,429.74,512.33,737.45,510.35,-,63.633,1077.19,262.95,18591.0,53.894,55.067,5320.21,65.603,102.38,153.46,148.92,276.316,273.96,495.24
2023-02-14,681.36,730.87,5.1493,86.799,827.3,474.6,433.23,513.02,741.38,510.99,-,63.918,1076.37,262.03,18681.0,53.902,55.067,5236.52,65.497,101.93,152.22,148.11,276.559,272.51,496.09
2023-02-15,681.83,732.04,5.127,86.904,830.19,476.31,431.93,513.25,739.95,511.19,-,63.788,1079.15,262.41,18652.0,53.866,55.033,5159.69,65.216,101.79,151.95,148.66,276.467,271.43,496.92
2023-02-16,685.19,732.28,5.1171,87.315,824.38,473.17,430.19,512.97,741.67,511.49,-,64.149,1079.8,263.19,18742.0,53.605,54.751,5186.32,65.013,101.73,152.11,149.1,275.22,271.26,500.63
2023-02-17,686.59,731.93,5.1189,87.474,821.99,471.26,428.81,513.42,740.68,509.74,-,64.262,1089.44,264.43,18782.0,53.503,54.635,5243.0,65.17,101.75,152.31,149.52,274.684,270.15,500.96
2023-02-20,686.43,733.3,5.1102,87.535,825.69,471.47,427.94,513.49,742.28,509.05,-,64.499,1075.97,263.02,18903.0,53.51,54.636,5236.17,64.93,101.55,152.38,150.03,274.525,267.64,501.91
2023-02-21,685.57,732.65,5.1062,87.459,825.47,474.0,429.15,513.29,742.78,509.69,-,64.611,1068.27,263.89,18896.0,53.573,54.71,5222.97,64.707,101.61,150.84,149.2,275.175,268.17,501.68
2023-02-22,687.59,732.29,5.0975,87.67,832.89,471.9,427.68,513.08,741.32,508.05,-,64.503,1087.24,265.51,18927.0,53.416,54.559,5227.3,64.819,101.67,150.86,149.82,274.34,268.17,503.82
2023-02-23,690.28,732.14,5.1174,88.002,831.63,470.27,429.63,514.84,741.23,509.53,-,64.394,1087.85,264.16,18896.0,53.211,54.345,5207.56,64.859,101.67,150.94,149.94,273.498,266.05,501.7
2023-02-24,689.42,730.7,5.1267,87.862,828.64,469.45,429.58,513.59,738.51,508.98,-,64.292,1085.23,264.24,18815.0,53.275,54.419,5213.42,64.682,101.9,151.27,149.49,273.769,266.45,503.31
2023-02-27,695.72,734.06,5.104,88.647,831.43,468.36,428.78,515.26,739.79,511.49,-,63.881,1090.49,264.78,18838.0,52.799,53.934,5174.16,64.272,101.4,150.76,149.12,271.51,264.29,502.27
2023-02-28,695.19,737.47,5.1024,88.604,838.85,468.58,428.47,516.19,742.98,512.18,-,64.352,1078.28,264.87,18967.0,52.833,53.985,5122.98,63.934,100.92,149.46,148.69,271.685,264.36,503.53
2023-03-01,694.0,734.16,5.0926,88.416,835.13,467.02,429.13,514.88,736.81,508.65,-,64.67,1080.38,264.18,19057.0,52.925,54.075,5151.91,64.123,101.38,150.8,149.62,272.085,263.79,507.85
2023-03-02,688.08,734.17,5.0576,87.662,827.65,465.19,430.38,512.82,732.39,506.29,-,64.985,1093.26,263.34,19006.0,53.372,54.53,5082.93,63.644,101.37,151.61,150.84,274.424,263.28,504.55
2023-03-03,691.17,732.67,5.0576,88.051,826.01,465.31,429.84,512.9,733.81,508.31,-,64.793,1092.35,263.53,18967.0,53.146,54.306,5135.17,64.13,101.57,151.99,151.08,273.233,262.15,503.74
2023-03-06,689.51,732.8,5.0718,87.837,829.7,465.79,428.41,512.57,736.12,506.85,-,64.846,1093.83,263.01,18812.0,53.264,54.428,5167.06,64.242,101.53,152.03,150.88,273.732,260.66,501.03
2023-03-07,691.56,738.54,5.0874,88.102,831.2,465.39,428.37,514.17,742.57,508.05,-,64.72,1088.98,263.77,18751.0,53.104,54.264,5101.79,63.473,100.74,151.14,150.65,273.328,260.28,498.87
2023-03-08,695.25,733.63,5.0652,88.569,822.32,458.16,425.19,513.31,737.9,505.45,-,64.363,1086.85,267.72,18845.0,52.838,53.999,5168.51,63.963,101.49,154.3,153.84,272.158,260.42,503.95
2023-03-09,696.66,734.83,5.0762,88.751,825.42,459.18,425.76,514.78,740.4,504.86,-,64.941,1092.1,266.68,18928.0,52.716,53.886,5147.78,63.693,101.26,153.97,153.25,271.865,258.04,503.5
2023-03-10,696.55,737.38,5.1145,88.736,830.29,458.93,424.89,514.69,746.6,503.57,-,64.867,1089.49,266.4,19004.0,52.723,53.89,5189.7,63.542,100.91,153.97,153.08,271.655,263.37,502.73
2023-03-13,693.75,741.56,5.1534,88.392,838.92,460.34,427.6,515.01,756.46,504.01,-,65.16,1097.96,262.87,19011.0,52.937,54.114,5162.55,63.101,100.38,153.49,152.27,273.442,264.23,499.97
2023-03-14,689.49,739.52,5.1744,87.962,838.91,459.11,428.53,511.63,755.77,501.68,-,65.142,1101.32,264.1,18907.0,53.268,54.453,5313.86,63.301,100.69,153.82,153.16,275.139,274.42,501.19
2023-03-15,686.8,737.03,5.109,87.502,834.62,459.36,427.97,510.7,751.31,501.75,-,65.208,1100.89,264.05,18977.0,53.463,54.664,5287.34,63.842,101.03,152.44,153.56,276.288,270.96,502.64
2023-03-16,691.49,731.94,5.1987,88.107,834.43,457.94,426.65,511.73,742.44,502.61,-,65.008,1101.66,265.89,18999.0,53.118,54.317,5408.9,64.297,101.72,153.26,155.5,274.632,274.54,500.52
2023-03-17,690.52,733.01,5.1753,87.969,836.17,460.09,428.02,512.98,743.12,503.36,-,65.166,1110.67,266.51,18935.0,53.183,54.397,5384.02,64.094,101.58,152.16,155.7,275.208,271.77,498.5
2023-03-20,686.94,733.8,5.1968,87.523,837.35,461.15,430.94,512.43,741.27,500.88,-,65.235,1116.96,266.87,18956.0,53.458,54.677,5413.14,64.094,101.44,152.51,155.35,276.754,274.43,496.08
2023-03-21,687.63,737.03,5.2353,87.721,844.21,461.63,429.25,514.19,740.29,503.07,-,65.208,1121.27,269.02,18988.0,53.405,54.628,5355.32,63.792,100.98,150.77,154.79,276.552,273.63,495.27
2023-03-22,687.15,740.12,5.1937,87.562,839.82,458.39,425.22,513.86,745.49,501.1,-,65.046,1122.71,270.12,19014.0,53.445,54.673,5255.26,63.322,100.61,150.48,153.5,277.0,271.09,501.16
2023-03-23,687.09,746.75,5.2349,87.554,843.4,459.99,427.9,516.73,749.41,500.72,-,64.83,1120.31,265.21,18946.0,53.449,54.664,5184.8,62.735,99.71,149.95,152.01,277.165,270.84,497.63
2023-03-24,683.74,740.69,5.2286,87.107,839.77,456.71,427.0,514.99,745.87,498.14,-,64.629,1113.9,264.79,18780.0,53.712,54.942,5180.04,63.217,100.58,151.16,152.16,278.609,271.85,497.87
2023-03-27,687.14,740.38,5.2554,87.54,841.41,457.03,426.37,516.05,747.68,500.49,-,64.441,1124.98,264.62,18876.0,53.443,54.668,5200.74,63.271,100.62,151.6,152.37,277.655,268.23,497.54
2023-03-28,687.49,743.03,5.2371,87.58,845.44,457.8,426.41,516.72,751.27,503.43,-,64.26,1115.87,266.23,18883.0,53.416,54.628,5194.65,63.089,100.28,150.81,152.08,277.677,266.74,500.6
2023-03-29,687.71,745.51,5.2484,87.61,848.04,461.01,429.89,517.92,746.99,505.82,-,63.918,1117.0,263.79,18871.0,53.396,54.601,5110.32,62.747,99.93,150.59,150.66,278.03,265.12,497.91
2023-03-30,688.86,746.8,5.1956,87.758,847.97,460.19,428.4,518.27,750.02,507.95,-,64.122,1122.18,262.76,18947.0,53.311,54.507,5093.66,62.76,99.74,150.95,151.23,277.968,262.71,496.19
2023-03-31,687.17,749.45,5.1693,87.541,851.27,461.31,430.69,517.6,752.37,508.24,-,64.262,1124.62,259.36,18884.0,53.443,54.622,5068.48,62.369,99.39,150.71,151.23,279.042,263.31,496.86
2023-04-03,688.05,743.81,5.166,87.652,846.14,459.03,428.99,516.09,750.33,509.85,-,64.182,1130.41,258.46,19000.0,53.377,54.556,5116.63,62.887,100.15,151.43,151.79,278.943,262.05,497.46
2023-04-04,686.99,749.3,5.1955,87.534,853.56,466.39,432.88,517.96,753.05,511.54,-,64.206,1142.1,259.26,19049.0,53.449,54.588,5041.35,62.347,99.4,150.88,149.62,279.455,263.29,497.89
2023-04-06,687.47,749.86,5.2532,87.578,856.89,462.09,434.43,517.63,758.68,511.11,-,63.985,1164.84,262.75,19123.0,53.422,54.569,5021.53,62.485,99.35,151.38,151.89,280.051,266.39,493.68
2023-04-07,688.38,751.49,5.2253,87.693,856.16,459.2,429.79,517.37,760.92,510.0,-,63.882,1179.38,265.07,19162.0,53.348,54.495,4998.12,62.325,99.15,151.52,151.8,279.669,264.98,495.51
2023-04-10,687.64,750.08,5.2045,87.599,854.32,458.68,429.88,516.63,760.1,509.08,-,64.015,1180.84,265.15,19160.0,53.407,54.56,4996.44,62.394,99.33,152.3,152.68,279.981,263.89,497.12
2023-04-11,688.82,748.59,5.1581,87.753,853.43,457.88,428.87,517.03,757.82,509.96,-,64.033,1185.93,268.31,19172.0,53.327,54.473,5012.31,62.603,99.54,152.6,152.74,279.744,263.62,498.85
2023-04-12,688.54,751.58,5.1528,87.714,855.75,457.95,426.36,516.75,762.41,511.4,-,64.142,1181.1,266.84,19197.0,53.338,54.486,4998.42,62.106,99.14,151.74,153.37,280.284,263.96,497.55
2023-04-13,686.58,755.04,5.1631,87.489,857.72,459.73,426.77,517.35,766.63,510.88,-,64.175,1194.85,268.35,19276.0,53.48,54.627,4957.35,61.649,98.69,150.55,152.07,281.316,263.23,497.13
2023-04-14,686.06,758.19,5.1759,87.399,859.28,465.38,432.07,518.9,771.56,514.26,-,64.13,1190.61,262.95,18987.0,53.529,54.672,4927.27,61.156,98.26,149.63,150.19,281.923,262.6,495.97
2023-04-17,686.79,754.51,5.1288,87.492,851.87,460.51,426.14,515.78,767.53,513.79,-,64.096,1191.83,263.69,18985.0,53.472,54.622,4949.82,61.528,98.75,150.46,151.15,282.118,261.97,499.34
2023-04-18,688.14,751.78,5.119,87.665,851.44,461.09,425.56,515.71,765.75,513.72,-,64.287,1191.67,266.01,19156.0,53.373,54.5,4951.18,61.603,99.12,150.44,152.32,281.832,262.09,501.1
2023-04-19,687.31,754.36,5.129,87.576,854.14,462.69,427.02,515.83,767.1,513.25,-,64.445,1189.96,264.33,19172.0,53.428,54.559,4917.1,61.284,98.78,149.95,152.3,282.282,262.54,498.82
2023-04-20,689.87,755.37,5.1206,87.895,857.31,462.49,425.18,516.74,768.39,512.2,-,64.366,1185.26,263.79,19248.0,53.235,54.371,5014.0,61.155,98.66,150.13,153.49,281.229,261.68,499.52
2023-04-21,687.52,754.0,5.1271,87.609,855.12,463.55,424.57,515.98,770.26,509.99,-,64.498,1186.39,262.25,19252.0,53.411,54.555,4997.78,60.985,98.84,149.95,154.04,282.241,261.8,499.3
2023-04-24,688.35,756.48,5.1382,87.719,856.74,460.71,422.79,516.14,771.75,508.43,-,64.439,1184.24,262.81,19299.0,53.349,54.49,4971.77,60.963,98.48,149.67,153.8,281.915,261.51,499.53
2023-04-25,688.47,761.09,5.1357,87.715,860.39,461.33,425.0,516.54,776.11,508.68,-,64.266,1182.74,263.61,19335.0,53.333,54.477,4936.4,60.426,97.93,148.78,152.88,281.783,261.17,498.34
2023-04-26,692.37,759.99,5.1803,88.206,859.41,459.2,425.38,517.49,776.37,508.31,-,64.284,1174.14,264.62,19321.0,53.044,54.177,4972.9,60.46,98.07,148.88,154.17,280.623,260.81,496.27
2023-04-27,692.07,764.35,5.1859,88.166,863.08,457.31,423.45,518.37,776.78,507.75,-,64.389,1182.7,265.3,19319.0,53.062,54.199,4893.38,59.97,97.53,149.12,153.64,280.676,262.4,493.12
2023-04-28,692.4,763.61,5.1723,88.206,865.04,458.94,425.54,518.62,774.52,508.93,-,64.403,1180.31,264.29,19331.0,53.039,54.171,4886.92,59.91,97.62,148.63,153.33,280.745,260.55,492.8
2023-05-04,690.54,764.58,5.1335,87.977,868.1,458.88,428.93,519.36,782.01,506.72,-,64.547,1151.08,265.03,19302.0,53.187,54.312,4909.35,60.046,97.46,148.48,155.8,282.184,260.41,490.41
2023-05-05,691.14,761.89,5.1491,88.059,869.67,463.16,434.73,520.6,780.54,511.11,-,64.37,1135.59,264.69,19140.0,53.137,54.266,4896.91,60.238,97.77,148.03,154.49,281.345,258.97,488.88
2023-05-08,691.58,762.17,5.1163,88.118,873.45,466.94,435.8,521.68,776.33,517.13,-,64.155,1125.36,266.38,19121.0,53.099,54.229,4876.33,59.998,97.74,147.08,152.78,282.067,256.81,489.77
2023-05-09,692.55,761.35,5.126,88.234,873.28,469.55,439.14,522.5,777.93,517.85,-,64.075,1122.7,264.51,19113.0,53.027,54.155,4889.58,59.901,97.8,146.88,151.69,281.684,256.89,488.48
2023-05-10,692.99,760.04,5.1241,88.41,875.01,468.82,439.23,522.24,778.65,518.0,-,64.198,1124.18,268.8,19122.0,52.991,54.12,4885.49,59.908,97.95,147.07,152.46,281.726,256.26,486.16
2023-05-11,691.01,759.11,5.1539,88.289,872.7,468.77,440.36,521.76,777.17,516.87,-,64.424,1100.99,272.89,19049.0,53.14,54.273,4868.93,59.521,98.1,147.87,151.95,282.84,253.97,486.68
2023-05-12,694.81,758.5,5.1672,88.632,869.36,465.62,437.44,521.89,777.24,514.96,-,64.372,1106.59,276.1,19144.0,52.849,53.977,4897.77,59.85,98.19,148.7,153.55,281.713,253.1,486.78
2023-05-15,696.54,755.83,5.1293,88.801,867.08,462.79,431.29,520.33,775.33,513.71,-,64.358,1108.97,275.58,19220.0,52.725,53.848,4897.13,59.759,98.53,149.16,153.29,281.576,252.65,486.68
2023-05-16,695.06,755.93,5.1116,88.691,870.66,465.97,434.17,520.22,776.26,516.2,-,64.665,1146.97,273.59,19203.0,52.83,53.949,4883.59,59.605,98.5,148.84,152.39,283.1,251.0,485.79
2023-05-17,697.48,757.78,5.1133,88.985,870.69,464.18,434.6,520.36,778.13,517.49,-,64.592,1154.01,273.59,19217.0,52.653,53.771,4862.83,59.26,98.25,149.19,153.69,282.938,250.83,488.64
2023-05-18,699.67,758.58,5.087,89.376,873.89,466.12,437.18,521.51,778.91,519.88,-,64.621,1142.73,275.22,19078.0,52.454,53.572,4875.34,59.589,98.17,149.24,153.85,282.438,251.42,489.26
2023-05-19,703.56,758.29,5.079,89.961,873.49,466.45,438.93,522.13,777.81,521.27,-,64.518,1142.08,274.76,18952.0,52.17,53.284,4946.56,59.976,98.19,150.08,155.06,281.479,251.61,488.93
2023-05-22,701.57,759.11,5.0942,89.706,873.92,466.79,440.34,521.72,780.94,519.85,-,64.648,1145.43,276.84,18878.0,52.335,53.45,4948.48,59.86,98.13,149.83,155.03,282.48,253.16,488.76
2023-05-23,703.26,760.31,5.0713,89.842,874.54,467.72,442.12,522.35,782.84,520.83,-,64.689,1143.6,273.91,18678.0,52.213,53.323,4918.91,59.223,97.94,150.17,155.01,282.132,254.43,489.95
2023-05-24,705.6,760.02,5.0928,90.06,876.29,466.5,441.03,523.88,782.86,522.6,-,64.816,1136.1,272.1,18655.0,52.044,53.148,4939.11,59.045,98.0,150.54,155.23,281.568,254.67,490.13
2023-05-25,705.29,758.43,5.0614,90.091,872.07,461.35,430.38,522.68,779.73,518.88,-,65.198,1137.46,272.87,18687.0,52.068,53.178,4911.67,59.438,98.23,151.97,155.36,282.295,252.49,490.85
2023-05-26,707.6,758.88,5.0566,90.314,871.86,460.09,428.68,522.43,781.81,518.54,-,65.39,1131.88,279.86,18757.0,51.896,53.0,4914.16,59.299,98.16,152.91,156.22,282.248,252.34,490.72
2023-05-29,705.75,756.79,5.0133,90.089,871.35,460.59,427.16,521.77,779.4,518.64,-,65.211,1124.39,278.43,18757.0,52.033,53.143,4902.3,59.83,98.44,153.08,156.99,283.231,249.64,492.68
2023-05-30,708.18,758.36,5.0419,90.469,874.79,462.73,428.34,523.09,783.02,520.82,-,65.024,1133.3,277.73,18681.0,51.857,52.961,4898.07,59.583,98.22,152.8,156.8,284.583,248.54,490.44
2023-05-31,708.21,760.16,5.0652,90.372,878.99,461.61,428.11,524.44,781.63,520.73,-,64.981,1102.47,277.9,18642.0,51.853,52.945,4868.43,59.665,97.95,153.38,157.88,291.938,249.4,489.94
2023-06-01,709.65,758.87,5.1047,90.624,883.26,461.8,427.55,525.2,779.75,523.16,-,64.965,1146.13,277.86,18620.0,51.753,52.855,4882.49,59.639,98.12,152.77,155.96,293.116,249.07,488.29
2023-06-02,709.39,763.21,5.1094,90.584,888.54,466.48,430.21,526.58,783.43,527.63,-,64.947,1140.89,276.77,18512.0,51.769,52.861,4859.8,59.176,97.56,152.33,155.82,294.507,247.43,488.13
2023-06-05,709.04,758.54,5.0572,90.449,881.3,467.93,429.44,524.88,779.32,528.0,-,64.616,1142.85,275.25,18421.0,51.803,52.9,4880.04,59.242,98.23,152.54,155.18,296.773,247.69,490.85
2023-06-06,710.75,761.15,5.0971,90.681,883.53,470.25,431.44,526.74,784.2,528.69,-,64.456,1134.93,271.16,18346.0,51.676,52.768,4848.43,58.8,97.85,152.71,155.3,299.351,245.71,489.17
2023-06-07,711.96,761.44,5.1004,90.77,884.65,475.37,432.79,528.14,784.62,531.26,-,64.731,1143.15,269.72,18266.0,51.592,52.677,4837.55,58.766,97.83,153.34,155.81,307.878,244.12,488.36
2023-06-08,712.8,762.69,5.091,90.906,886.68,474.42,430.33,528.47,783.44,532.96,-,64.501,1143.64,267.81,18318.0,51.525,52.609,4830.73,58.803,97.65,152.88,155.02,327.039,243.55,488.51
2023-06-09,711.15,766.92,5.1216,90.763,893.26,477.49,433.45,529.76,791.31,532.32,-,64.942,1157.11,265.08,18242.0,51.643,52.735,4818.35,58.324,97.16,151.88,153.3,330.272,244.46,486.89
2023-06-12,712.12,765.4,5.1101,90.864,895.72,480.32,436.47,530.09,788.24,533.91,-,64.788,1159.25,262.83,18106.0,51.575,52.663,4810.28,58.054,97.35,152.03,151.02,331.251,242.7,485.82
2023-06-13,714.98,769.53,5.1264,91.256,894.71,482.72,437.96,532.18,786.98,534.97,-,64.604,1171.84,259.57,17973.0,51.366,52.453,4795.48,57.786,96.84,151.31,151.01,330.954,241.75,484.58
2023-06-14,715.66,772.14,5.105,91.375,902.09,484.35,440.71,533.16,790.57,537.49,-,64.486,1172.36,260.15,17740.0,51.322,52.404,4793.15,58.084,96.52,149.33,148.84,330.382,240.79,484.46
2023-06-15,714.89,774.86,5.1057,91.313,905.52,485.88,442.84,533.13,793.88,536.41,-,64.626,1173.83,256.34,17820.0,51.374,52.456,4795.13,57.426,96.17,149.78,148.82,329.543,239.82,485.51
2023-06-16,712.89,780.42,5.0851,91.175,911.61,490.43,444.43,533.43,799.6,539.16,-,64.934,1172.43,255.69,17868.0,51.523,52.613,4786.07,57.051,95.51,148.71,147.31,331.861,240.37,485.65
2023-06-19,712.01,778.95,5.0176,91.02,913.32,489.35,443.64,532.28,796.13,539.55,-,64.815,1177.23,255.72,17911.0,51.586,52.68,4794.27,57.242,95.63,149.53,148.42,331.443,239.94,487.09
2023-06-20,715.96,782.26,5.0467,91.61,916.38,490.73,444.15,534.24,799.41,542.24,-,64.634,1171.71,253.94,17907.0,51.271,52.363,4773.7,56.853,95.21,149.82,149.05,329.616,238.42,485.54
2023-06-21,717.95,783.96,5.0795,91.751,916.27,487.41,442.71,534.47,799.72,542.76,-,64.632,1171.43,256.18,17929.0,51.158,52.249,4745.45,56.677,95.01,150.23,149.41,328.289,239.62,485.14
2023-06-26,720.56,786.18,5.026,92.013,917.74,481.72,443.54,533.38,804.88,547.78,-,64.872,1168.48,259.92,18124.0,50.932,52.016,4709.45,56.441,94.7,148.76,150.06,350.578,237.9,488.45
2023-06-27,720.98,787.73,5.0357,92.048,917.88,481.99,444.95,533.53,806.1,549.12,-,64.717,1167.72,258.4,18072.0,50.865,51.947,4685.53,56.353,94.53,148.56,148.69,360.78,237.22,487.56
2023-06-28,721.01,789.99,5.0118,92.055,919.03,481.74,443.98,534.32,806.79,546.49,-,64.706,1182.96,256.89,18027.0,50.936,52.019,4684.0,56.293,94.26,148.78,149.69,360.704,237.01,489.23
2023-06-29,722.08,791.67,5.0247,92.183,916.92,478.93,440.61,536.15,808.9,547.36,-,64.402,1187.9,257.18,18058.0,50.629,51.703,4689.43,56.529,94.06,148.6,148.4,358.977,235.64,490.89
2023-06-30,722.58,787.71,5.0094,92.198,914.32,479.92,440.03,534.42,806.14,547.21,-,64.467,1199.55,258.81,18197.0,50.655,51.731,4712.28,56.463,94.51,149.81,148.99,359.098,236.1,491.56
2023-07-03,721.57,789.92,5.0171,92.065,919.65,482.31,444.18,535.46,809.18,546.85,-,64.398,1220.72,260.17,18157.0,50.683,51.761,4712.64,56.105,94.21,148.99,148.4,359.272,236.37,487.39
2023-07-04,720.46,789.34,5.0026,91.973,918.24,483.1,445.53,535.38,807.25,546.37,-,64.521,1233.83,259.13,18025.0,50.742,51.814,4740.15,56.144,94.28,149.89,147.76,357.722,235.67,484.48
2023-07-05,719.68,785.01,4.9944,91.909,917.37,482.83,447.09,534.7,804.48,545.67,-,64.48,1243.12,258.42,17994.0,50.899,51.974,4775.55,56.502,94.87,150.07,147.58,360.16,236.32,483.4
2023-07-06,720.98,786.41,5.0176,92.208,920.35,482.41,447.84,535.45,806.33,545.63,-,64.243,1253.17,259.41,17973.0,50.67,51.75,4838.36,56.739,94.65,151.1,147.3,359.946,234.59,482.28
2023-07-07,720.54,788.69,5.0303,92.095,922.66,480.2,446.46,535.39,808.79,542.0,-,64.4,1257.31,263.65,18039.0,50.701,51.787,4888.13,56.823,94.41,150.95,148.53,361.13,237.85,485.67
2023-07-10,719.26,790.34,5.0669,91.857,925.21,481.98,447.0,535.45,810.74,543.06,-,64.758,1266.14,261.5,18048.0,50.935,52.021,4867.57,56.335,94.24,150.47,147.36,361.655,237.8,487.66
2023-07-11,718.86,793.81,5.107,91.803,928.22,481.97,447.96,536.74,815.1,543.64,-,64.71,1263.85,260.63,18005.0,50.896,51.984,4791.02,55.975,93.84,149.04,145.15,362.338,236.4,485.99
2023-07-12,717.65,791.98,5.1321,91.665,930.28,481.41,445.78,536.49,818.34,543.72,-,64.737,1256.02,256.97,17964.0,51.07,52.158,4779.79,56.052,94.09,148.2,143.86,363.018,237.01,483.48
2023-07-13,715.27,797.39,5.1769,91.398,930.35,486.18,451.13,538.56,826.27,543.23,-,64.679,1263.78,253.29,17838.0,51.284,52.381,4703.68,55.645,93.43,144.83,141.23,365.424,236.01,484.2
2023-07-14,713.18,801.69,5.18,91.191,937.7,491.85,456.56,540.28,831.66,544.85,-,63.872,1261.89,251.27,17768.0,51.416,52.521,4662.4,55.472,92.94,142.84,139.23,364.965,235.94,483.79
2023-07-17,713.26,801.5,5.1467,91.273,934.54,487.95,454.33,540.14,828.22,539.7,-,63.432,1263.48,253.7,17751.0,51.453,52.551,4667.26,55.602,92.94,143.46,140.68,367.023,234.61,485.59
2023-07-18,714.53,805.5,5.1687,91.436,936.92,488.75,453.45,542.42,833.08,543.28,-,63.356,1263.23,251.52,17647.0,51.23,52.331,4640.18,55.071,92.44,142.87,140.32,368.049,233.29,482.54
2023-07-19,714.86,805.58,5.1625,91.49,935.17,489.14,452.02,542.49,836.59,545.23,-,63.289,1261.89,248.89,17590.0,51.178,52.273,4636.15,55.211,92.45,142.23,140.02,375.52,233.4,474.62
2023-07-20,714.66,808.79,5.1724,91.516,933.6,488.92,452.42,544.73,841.1,548.65,-,63.018,1267.45,247.75,17542.0,50.87,51.944,4670.96,55.01,92.08,142.21,138.94,371.6,231.41,471.12
2023-07-21,714.56,800.41,5.1399,91.447,925.56,487.5,448.05,541.96,830.0,546.08,-,63.351,1258.48,249.14,17761.0,51.061,52.148,4762.3,55.563,93.02,143.74,139.9,373.363,234.56,475.6
2023-07-24,714.51,798.8,5.067,91.4,922.84,483.11,442.76,539.51,828.97,543.06,-,63.637,1261.69,250.26,17887.0,51.153,52.233,4748.63,55.86,93.22,144.97,140.23,375.827,236.57,479.26
2023-07-25,714.06,796.36,5.0882,91.393,922.63,485.11,446.7,540.73,827.46,546.8,-,63.489,1260.32,246.32,17809.0,51.0,52.08,4742.63,55.84,93.5,144.55,139.65,374.845,233.78,479.64
2023-07-26,712.95,788.5,5.0629,91.292,920.05,484.28,443.59,537.33,825.35,541.09,-,63.95,1265.7,246.1,17880.0,51.475,52.567,4817.74,56.221,94.5,145.37,141.17,377.418,237.47,482.85
2023-07-27,712.65,792.08,5.0895,91.401,923.9,483.13,443.98,539.13,829.52,541.24,-,63.625,1259.21,246.48,17819.0,51.393,52.485,4824.51,55.852,94.08,145.51,141.62,376.648,235.87,479.18
2023-07-28,713.38,786.27,5.1491,91.431,916.06,480.63,443.47,537.96,824.13,541.51,-,63.358,1266.21,249.0,17887.0,51.286,52.379,4860.95,56.218,94.72,146.74,142.17,376.398,235.3,480.87
2023-07-31,713.05,788.36,5.0802,91.437,919.55,476.4,440.52,537.36,822.28,540.08,-,63.696,1284.55,246.63,17838.0,51.386,52.429,4873.6,55.948,94.47,147.24,142.44,376.295,233.2,478.9
2023-08-01,712.83,785.79,5.0207,91.4,917.06,480.16,443.69,537.45,819.65,541.89,-,63.128,1281.87,250.07,17871.0,51.402,52.505,4928.79,56.051,94.79,147.24,141.67,377.14,234.45,479.26
2023-08-02,713.68,788.35,5.0167,91.563,916.13,473.96,439.8,536.64,821.06,539.95,-,63.216,1285.75,255.25,17950.0,51.28,52.386,4928.48,56.397,94.44,147.51,141.86,376.675,235.56,478.67
2023-08-03,714.95,786.14,5.0199,91.618,913.74,470.28,437.54,535.67,819.26,538.9,-,63.444,1307.11,256.74,18050.0,51.109,52.197,4942.3,56.534,94.69,148.88,142.99,375.255,236.75,479.29
2023-08-04,714.18,785.63,5.031,91.468,912.37,470.8,436.77,535.19,820.23,537.9,-,63.607,1314.48,260.02,18105.0,51.197,52.284,5013.64,56.767,94.76,148.73,142.63,376.63,241.63,481.66
2023-08-07,713.8,787.84,5.0515,91.388,912.99,470.89,436.91,534.72,819.17,535.69,-,63.569,1333.4,257.57,18232.0,51.285,52.382,4941.88,56.343,94.49,147.76,141.57,376.853,238.54,483.92
2023-08-08,715.65,789.33,5.0443,91.663,917.36,472.18,438.88,535.7,822.4,537.28,-,63.599,1329.31,260.7,18184.0,51.185,52.282,4924.78,56.067,94.27,147.43,141.3,376.555,237.96,484.87
2023-08-09,715.88,789.84,5.0389,91.613,918.87,471.72,437.34,535.2,823.49,537.64,-,63.653,1341.44,262.42,18241.0,50.932,52.027,4936.07,56.45,94.21,148.55,142.31,375.156,237.4,485.07
2023-08-10,715.76,789.63,5.0135,91.535,915.17,470.49,436.38,534.66,820.49,536.64,-,63.712,1344.01,263.7,18262.0,51.052,52.15,4922.99,56.587,94.25,148.17,141.66,374.35,237.21,486.8
2023-08-11,715.87,791.71,4.9842,91.551,913.75,470.23,434.1,534.58,822.47,536.79,-,63.558,1343.06,261.02,18243.0,50.957,52.05,4871.0,56.17,93.97,148.23,142.83,375.89,237.08,486.56
2023-08-14,716.86,789.88,4.9992,91.701,917.56,469.73,433.23,534.54,824.47,538.83,-,63.687,1372.08,261.71,18344.0,50.803,51.897,4839.9,56.081,94.19,149.74,144.22,374.259,235.1,485.07
2023-08-15,717.68,790.13,4.989,91.765,919.09,470.81,433.78,534.8,825.27,539.39,-,64.03,1364.03,263.39,18402.0,50.673,51.758,4868.41,56.324,94.08,148.92,144.38,373.529,236.06,485.52
2023-08-16,719.86,792.05,5.0053,92.007,923.18,469.98,433.87,535.45,827.24,539.89,-,64.098,1349.25,263.81,18340.0,50.532,51.604,4898.2,56.553,93.77,149.35,144.59,372.556,236.54,486.03
2023-08-17,720.76,791.51,4.9896,92.035,926.88,468.04,433.13,535.65,827.5,539.24,-,63.932,1319.22,263.68,18364.0,50.44,51.505,4888.62,56.498,93.85,149.92,145.38,372.302,236.21,486.19
2023-08-18,720.06,790.87,5.0139,91.991,929.07,466.95,432.4,536.93,829.52,539.19,-,64.167,1296.75,262.06,18355.0,50.406,51.467,4861.13,56.454,94.06,150.17,145.19,372.496,235.55,485.98
2023-08-21,719.87,790.51,5.0164,91.911,926.5,466.74,431.84,536.11,824.32,537.86,-,64.218,1294.47,261.17,18373.0,50.506,51.568,4840.49,56.454,94.02,150.76,145.93,373.171,235.08,485.53
2023-08-22,719.92,793.5,4.9955,91.843,929.41,467.77,433.12,537.11,828.78,539.28,-,64.203,1285.48,260.8,18398.0,50.418,51.482,4832.59,56.442,93.62,150.24,145.34,373.648,234.51,482.15
2023-08-23,719.88,789.65,5.0081,91.841,926.88,468.63,433.91,536.79,826.98,538.68,-,64.183,1293.88,258.93,18337.0,50.43,51.502,4850.69,56.594,94.1,150.03,145.5,373.84,232.93,479.54
2023-08-24,718.86,788.64,5.0312,91.697,923.22,470.89,434.8,537.25,827.11,537.82,-,64.378,1293.71,254.81,18296.0,50.585,51.659,4855.86,56.697,94.28,150.18,145.59,374.832,232.02,480.5
2023-08-25,718.83,785.1,4.9928,91.653,915.59,467.11,431.81,536.26,821.41,536.48,-,64.277,1298.16,259.1,18228.0,50.498,51.579,4888.5,57.037,94.66,151.2,147.05,356.491,232.17,480.64
2023-08-28,718.56,784.37,4.9711,91.603,914.38,466.57,430.46,536.19,821.14,535.78,-,64.23,1307.59,256.35,18175.0,50.553,51.623,4871.25,56.998,94.73,152.0,146.71,363.638,231.18,481.86
2023-08-29,718.51,786.02,4.976,91.575,915.76,467.76,430.51,536.4,822.02,535.57,-,64.479,1309.03,256.21,18170.0,50.588,51.673,4881.36,56.94,94.48,150.89,147.0,361.882,232.09,483.71
2023-08-30,718.16,789.66,4.987,91.523,916.9,470.72,434.36,538.83,825.63,536.63,-,64.19,1311.69,254.96,18154.0,50.628,51.709,4837.65,56.67,94.2,149.75,145.44,366.162,232.44,481.65
2023-08-31,718.11,792.71,4.9847,91.538,922.52,470.94,433.42,537.96,826.16,537.55,-,64.282,1320.98,257.86,18169.0,50.626,51.705,4792.72,56.414,93.7,149.22,145.57,367.877,231.79,481.56
2023-09-01,717.88,788.15,5.0112,91.551,921.25,472.24,435.28,538.41,822.66,539.77,-,64.189,1319.33,259.82,18178.0,50.515,51.586,4843.07,56.792,94.21,150.53,145.67,367.271,234.67,480.84
2023-09-04,717.86,781.44,4.9782,91.493,913.44,468.82,432.19,536.13,819.34,534.99,-,64.435,1327.1,259.68,18154.0,50.625,51.691,4920.62,57.21,95.08,151.84,146.66,367.375,235.74,482.79
2023-09-05,717.83,781.27,4.9629,91.594,915.38,468.23,430.94,536.14,819.5,534.65,-,64.279,1325.83,264.03,18155.0,50.651,51.728,4890.9,57.221,95.24,151.87,146.57,369.511,237.75,484.78
2023-09-06,719.69,781.2,4.9579,91.777,915.93,465.43,429.98,536.27,819.3,535.82,-,64.48,1335.09,263.41,18244.0,50.411,51.483,4963.16,57.577,95.09,152.15,146.63,367.89,239.63,485.66
2023-09-07,719.86,781.2,4.9501,91.788,910.7,465.87,429.34,534.78,817.6,535.95,-,64.56,1343.29,263.92,18241.0,50.402,51.471,4989.11,58.567,95.09,152.32,146.51,368.36,242.33,486.11
2023-09-08,721.5,780.69,4.9753,92.064,910.4,466.35,430.53,535.04,817.71,535.23,-,64.504,1342.91,262.83,18209.0,50.31,51.376,4965.99,59.316,95.16,152.49,146.14,368.283,242.12,486.19
2023-09-11,721.48,781.4,4.971,92.016,910.54,467.48,431.87,535.14,817.63,536.83,-,64.857,1347.97,261.92,18183.0,50.441,51.509,4968.62,59.461,95.26,152.07,145.79,368.808,242.47,484.82
2023-09-12,719.86,779.52,4.9573,91.894,907.06,466.77,430.0,533.36,813.68,534.81,-,65.003,1322.05,260.8,18231.0,50.705,51.777,4943.17,59.789,95.62,152.87,146.6,371.74,239.65,487.87
2023-09-13,718.94,779.19,4.9356,91.859,904.91,466.23,429.06,532.74,812.67,535.33,-,65.012,1314.81,261.7,18229.0,50.72,51.792,4958.88,59.979,95.66,153.13,147.2,372.274,238.83,489.51
2023-09-14,718.74,776.11,4.9174,91.807,903.23,465.19,429.02,531.57,809.38,534.36,-,65.084,1331.06,260.59,18312.0,50.829,51.906,4967.95,59.846,96.14,153.89,148.01,372.886,238.35,492.54
2023-09-15,717.86,768.65,4.9064,91.706,897.32,465.36,427.01,530.32,807.42,535.79,-,65.121,1317.23,263.45,18292.0,50.828,51.905,5018.48,60.57,97.29,154.89,148.78,373.622,237.86,493.03
2023-09-18,717.36,769.94,4.8848,91.663,894.71,465.23,426.63,529.75,804.7,534.47,-,65.187,1340.16,263.59,18308.0,50.931,52.009,5005.8,60.605,96.91,154.71,149.1,373.207,237.73,493.3
2023-09-19,717.33,771.79,4.8907,91.778,893.9,465.57,428.19,529.73,804.61,536.26,-,65.327,1329.53,263.81,18223.0,50.946,52.028,5004.19,60.539,96.69,154.26,149.56,375.16,238.88,491.88
2023-09-20,717.32,771.07,4.8897,91.715,894.14,466.69,430.57,529.04,802.71,537.23,-,65.4,1337.79,262.64,18322.0,51.018,52.103,5004.05,60.788,97.03,154.56,149.37,375.244,237.74,496.94
2023-09-21,717.3,768.63,4.8722,91.693,890.43,465.61,429.24,528.17,802.44,536.42,-,65.322,1331.15,261.88,18376.0,51.018,52.103,5028.83,60.359,97.23,154.49,149.54,375.4,238.1,499.24
2023-09-22,717.29,768.81,4.8935,91.753,887.41,463.47,429.18,527.41,798.02,536.0,-,65.273,1327.52,263.33,18449.0,51.032,52.116,5070.96,60.32,97.28,154.89,149.53,376.474,240.08,498.76
2023-09-25,717.27,767.76,4.8729,91.755,882.85,465.15,431.2,527.46,795.04,535.58,-,65.331,1329.21,260.62,18405.0,51.082,52.113,5088.02,60.269,97.41,154.32,149.2,377.435,239.68,497.18
2023-09-26,717.27,762.81,4.856,91.767,881.84,463.3,430.91,528.33,791.63,537.33,-,64.954,1316.45,260.7,18420.0,50.978,52.064,5133.19,60.592,97.97,153.49,150.27,377.642,242.44,498.87
2023-09-27,717.17,762.88,4.8507,91.705,877.38,462.46,431.04,526.87,788.57,534.66,-,65.292,1333.31,264.69,18595.0,50.975,52.062,5146.51,60.7,98.01,152.37,150.04,379.157,244.41,502.29
2023-09-28,717.98,758.49,4.8398,91.763,876.67,459.34,429.29,525.99,784.54,535.58,-,65.502,1335.06,266.5,18606.0,50.976,52.061,5201.85,61.482,98.64,153.26,149.09,379.177,246.54,504.69
2023-10-09,717.89,762.29,4.8515,91.654,881.59,460.1,432.55,527.65,793.82,528.57,-,65.667,1390.07,269.35,18574.0,50.996,52.08,5097.63,60.351,98.09,152.21,150.98,383.724,254.06,510.33
2023-10-10,717.81,761.71,4.8673,91.679,882.08,462.84,435.67,527.64,794.83,530.77,-,65.835,1367.74,269.0,18639.0,51.083,52.168,5122.46,60.171,98.1,152.04,149.6,385.418,253.97,511.35
2023-10-11,717.79,764.43,4.8583,91.798,885.82,464.37,437.19,528.47,796.79,531.1,-,65.892,1378.79,264.19,18571.0,51.084,52.168,5094.71,59.666,97.81,150.82,149.94,385.546,250.23,506.32
2023-10-12,717.76,765.61,4.8449,91.758,887.01,463.27,435.41,528.42,799.73,530.75,-,65.759,1376.06,261.64,18505.0,51.069,52.156,5071.16,59.381,97.71,151.28,150.58,385.035,248.8,503.41
2023-10-13,717.75,760.45,4.8258,91.747,879.9,456.94,429.41,526.82,795.75,528.09,-,65.798,1349.98,264.09,18552.0,50.969,52.042,5116.67,59.978,98.41,152.16,152.04,385.538,250.31,501.3
2023-10-16,717.98,759.2,4.832,91.77,877.2,456.0,427.53,526.5,799.27,529.17,-,65.906,1348.32,263.54,18645.0,50.993,52.073,5138.33,59.095,98.59,152.6,151.55,384.276,251.33,499.82
2023-10-17,717.96,759.44,4.8314,91.851,880.46,456.87,425.85,526.52,800.88,530.16,-,65.852,1344.97,260.9,18624.0,51.036,52.122,5100.65,58.763,98.44,151.75,152.07,387.008,249.73,501.28
2023-10-18,717.95,762.59,4.8287,91.764,878.63,459.83,426.9,526.67,801.53,529.09,-,65.961,1348.71,261.24,18644.0,51.002,52.087,5065.76,58.261,98.15,151.29,151.95,388.142,251.11,502.06
2023-10-19,717.95,760.82,4.8278,91.721,877.13,457.7,424.13,525.46,803.27,527.32,-,66.088,1349.35,263.52,18651.0,50.966,52.051,5076.27,58.863,98.44,152.65,153.31,388.821,254.31,501.82
2023-10-20,717.93,762.75,4.8232,91.786,875.1,456.34,422.46,524.62,808.35,526.15,-,66.503,1332.28,264.29,18705.0,51.033,52.116,5042.5,58.622,98.18,152.0,152.73,389.317,255.52,503.32
2023-10-23,717.92,763.78,4.8234,91.739,876.96,456.47,422.08,526.49,807.98,526.96,-,66.105,1322.6,263.86,18644.0,51.024,52.102,5028.29,58.625,98.04,152.21,153.45,389.133,253.96,504.21
2023-10-24,717.86,768.99,4.8265,91.739,882.71,457.34,423.26,526.9,807.75,527.09,-,66.736,1308.48,263.58,18598.0,51.063,52.155,4987.9,58.298,97.39,152.2,153.77,390.243,253.03,502.17
2023-10-25,717.85,764.49,4.8268,91.757,878.12,459.85,423.68,526.92,807.3,525.72,-,66.686,1293.69,264.28,18561.0,50.99,52.081,5038.37,58.697,98.02,154.13,154.81,390.319,254.51,499.12
2023-10-26,717.84,762.72,4.8212,91.76,874.0,455.29,419.83,525.59,804.1,523.78,-,66.549,1286.99,265.5,18628.0,50.946,52.033,5071.87,58.987,98.21,154.37,155.34,391.637,255.55,499.65
2023-10-27,717.82,761.8,4.8094,91.782,875.36,457.46,421.86,526.42,801.16,522.48,-,66.668,1290.26,263.13,18695.0,51.018,52.111,5053.2,58.763,98.31,154.62,155.29,390.995,253.02,501.13
2023-10-30,717.81,761.98,4.8301,91.769,874.0,458.04,420.9,525.94,798.43,520.8,-,66.567,1300.26,261.41,18740.0,50.999,52.082,5061.47,58.86,98.31,154.53,155.09,391.304,252.33,500.07
2023-10-31,717.79,764.8,4.8433,91.783,876.39,459.63,422.48,527.44,797.48,521.71,-,66.37,1282.23,262.07,18626.0,51.083,52.181,5032.98,58.466,97.96,154.62,154.74,392.877,251.96,496.47
2023-11-01,717.78,763.99,4.7861,91.727,878.14,458.84,421.34,526.93,794.47,521.43,-,66.376,1287.95,258.71,18639.0,50.931,52.021,5033.14,58.651,98.06,154.67,154.82,392.521,251.56,497.8
2023-11-02,717.97,763.32,4.7994,91.783,877.98,463.59,425.17,527.27,795.95,521.56,-,66.402,1282.07,257.31,18610.0,51.045,52.138,5049.89,58.851,98.14,154.79,154.81,393.5,247.69,499.39
2023-11-03,717.96,766.12,4.8037,91.746,879.04,464.05,426.57,528.0,794.67,525.0,-,66.261,1290.19,255.94,18456.0,51.053,52.146,5017.35,58.431,97.88,154.11,154.92,394.464,244.63,497.67
2023-11-06,717.8,772.62,4.8303,91.753,890.77,469.41,432.77,531.49,800.62,527.73,-,65.617,1286.08,254.07,18180.0,51.138,52.23,4929.43,57.961,96.9,151.18,153.35,394.784,243.84,493.02
2023-11-07,717.76,772.3,4.8118,91.766,889.49,468.26,431.1,532.67,801.43,526.4,-,64.799,1279.48,254.5,18006.0,51.092,52.184,4936.36,57.995,96.88,151.49,153.51,395.585,244.74,491.55
2023-11-08,717.73,771.33,4.8051,91.793,886.72,464.46,429.22,531.72,801.32,524.4,-,64.924,1275.55,254.77,18052.0,50.986,52.074,4925.5,58.006,96.92,151.41,155.21,395.515,243.4,491.46
2023-11-09,717.72,771.43,4.7843,91.835,885.14,462.12,427.08,530.65,801.51,522.87,-,65.275,1271.54,256.93,18127.0,51.05,52.135,4931.76,57.779,96.88,151.14,155.11,396.256,244.38,492.02
2023-11-10,717.71,769.17,4.7744,91.928,881.53,459.61,426.27,529.64,798.91,522.81,-,65.494,1270.1,259.24,18158.0,50.985,52.069,4946.57,57.889,97.21,151.45,155.62,395.943,247.94,493.55
2023-11-13,717.69,770.42,4.7693,91.882,881.63,459.5,426.38,529.56,798.16,522.92,-,65.587,1277.81,260.51,18199.0,51.029,52.11,4914.81,57.701,97.06,151.1,154.2,396.134,245.97,497.68
2023-11-14,717.68,771.02,4.7629,91.902,884.9,460.26,425.23,529.76,799.44,522.52,-,65.6,1270.43,260.08,18289.0,51.056,52.138,4913.93,57.672,97.02,150.39,153.84,397.523,245.57,497.82
2023-11-15,717.52,781.52,4.784,91.926,897.47,466.97,432.17,532.69,808.21,524.79,-,65.431,1260.84,253.96,18163.0,51.225,52.309,4829.34,56.531,95.7,147.41,151.56,399.507,242.33,493.91
2023-11-16,717.24,780.27,4.7586,91.866,893.03,468.37,433.99,532.03,810.34,525.75,-,65.257,1243.37,253.18,18097.0,51.142,52.207,4840.5,56.432,95.85,146.64,150.45,399.254,241.3,492.59
2023-11-17,717.28,780.57,4.7801,91.988,891.78,465.65,430.0,533.43,809.56,523.19,-,65.305,1240.17,255.85,17979.0,51.126,52.201,4839.16,56.155,95.74,147.19,152.11,399.418,240.38,488.72
2023-11-20,716.12,783.4,4.8001,91.848,894.65,468.07,431.46,534.29,810.66,523.87,-,65.21,1244.85,255.55,18036.0,51.179,52.264,4844.05,56.132,95.37,146.63,150.67,399.55,240.43,488.49
2023-11-21,714.06,783.49,4.8257,91.629,894.81,469.42,432.32,535.21,809.0,521.31,-,65.257,1238.68,256.33,18001.0,51.391,52.476,4853.4,55.587,95.26,145.95,149.57,402.679,239.5,491.34
2023-11-22,712.54,779.46,4.8203,91.411,895.45,468.34,432.38,533.67,808.38,521.24,-,65.247,1235.88,260.71,18123.0,51.46,52.549,4885.66,56.11,95.67,146.49,149.48,403.584,241.05,492.45
2023-11-23,712.12,777.38,4.7785,91.329,892.2,467.39,430.3,532.33,808.0,521.84,-,65.507,1235.05,264.45,18188.0,51.437,52.528,4902.58,56.204,95.89,146.74,150.6,403.975,241.08,493.19
2023-11-24,711.51,777.08,4.7657,91.237,893.14,467.61,431.34,531.58,805.68,520.31,-,65.733,1237.36,264.22,18214.0,51.566,52.663,4887.13,56.28,96.03,147.22,151.2,404.703,241.45,494.62
2023-11-27,711.59,778.73,4.7645,91.35,896.72,468.81,433.22,531.45,806.93,522.29,-,65.777,1248.51,264.34,18293.0,51.597,52.694,4886.67,56.13,95.81,146.98,150.53,405.583,240.69,496.19
2023-11-28,711.32,779.89,4.7996,91.314,898.91,470.61,434.55,532.71,808.51,522.94,-,65.729,1247.88,262.31,18210.0,51.64,52.733,4872.96,55.825,95.73,146.43,149.44,406.257,241.56,491.45
2023-11-29,710.31,782.25,4.8322,91.129,903.14,472.95,437.02,534.39,810.18,524.06,-,65.578,1248.32,261.71,18127.0,51.686,52.791,4829.13,55.197,95.44,145.08,149.27,406.926,241.25,487.32
2023-11-30,710.18,780.45,4.8362,90.979,902.9,470.93,438.1,533.7,814.43,523.48,-,65.454,1245.96,263.51,18127.0,51.644,52.757,4846.41,55.663,95.59,145.62,149.82,407.078,243.35,489.09
2023-12-01,711.04,775.86,4.8116,91.022,899.96,470.96,439.29,532.65,814.81,525.58,-,65.566,1260.03,264.91,18186.0,51.586,52.694,4911.06,56.178,96.16,147.28,151.71,405.753,244.65,494.41
2023-12-04,710.11,773.82,4.8583,90.882,903.75,475.31,442.11,533.58,819.07,527.26,-,65.568,1281.25,262.5,18230.0,51.67,52.782,4896.69,55.967,96.38,145.99,150.0,406.733,242.08,488.51
2023-12-05,711.27,771.67,4.8401,91.016,899.98,471.59,439.62,532.52,816.57,526.23,-,65.477,1279.21,264.33,18334.0,51.582,52.696,4928.69,56.188,96.68,146.45,152.22,406.276,245.7,493.02
2023-12-06,711.4,769.37,4.844,90.993,897.97,467.53,437.69,531.57,814.71,524.7,-,65.555,1280.06,266.17,18380.0,51.526,52.627,4937.74,56.234,96.94,147.05,153.24,405.573,244.07,493.22
2023-12-07,711.76,767.46,4.8442,91.138,895.37,467.25,438.25,531.37,815.28,524.67,-,65.61,1297.04,266.26,18416.0,51.543,52.642,4959.97,56.47,97.28,146.91,153.97,405.693,242.96,493.12
2023-12-08,711.23,767.92,4.9431,91.045,894.92,469.26,438.83,531.53,813.04,523.36,-,65.662,1297.23,264.54,18433.0,51.635,52.742,4978.33,56.467,97.24,145.96,152.85,406.545,245.9,492.97
2023-12-11,711.63,767.37,4.9166,91.099,894.64,469.21,437.21,531.16,810.43,524.72,-,65.657,1287.77,266.11,18375.0,51.56,52.664,4972.92,56.587,97.34,146.87,153.01,406.277,243.93,496.45
2023-12-12,711.74,768.12,4.8853,91.182,895.9,468.87,437.56,530.83,812.01,525.87,-,65.751,1273.03,267.63,18395.0,51.484,52.584,4998.48,56.55,97.19,146.97,153.63,406.049,244.18,497.4
2023-12-13,711.26,769.33,4.9062,91.087,895.45,468.02,437.8,531.19,814.15,524.59,-,65.801,1263.64,266.29,18375.0,51.573,52.676,4978.34,56.353,97.12,146.36,153.84,407.424,243.38,499.84
2023-12-14,710.9,773.56,4.9908,91.064,897.48,474.11,440.49,533.41,816.69,526.63,-,65.767,1261.86,262.75,18292.0,51.698,52.806,4908.61,55.653,96.52,145.02,151.72,408.11,243.26,494.06
2023-12-15,709.57,779.88,4.9897,90.898,905.42,475.19,440.44,534.17,817.85,528.97,-,65.787,1262.57,258.47,18202.0,51.807,52.916,4873.63,55.39,95.75,144.44,148.14,408.533,242.52,491.53
2023-12-18,709.33,774.14,4.993,90.92,900.34,475.97,441.33,532.94,816.41,531.33,-,65.731,1269.19,258.16,18257.0,51.683,52.79,4943.28,55.973,96.3,145.19,147.48,407.145,242.55,491.17
2023-12-19,709.82,775.84,4.9819,91.068,898.5,476.34,441.92,533.29,819.17,530.4,-,66.159,1268.32,261.89,18279.0,51.715,52.829,4960.63,55.785,96.19,143.83,146.44,409.068,241.92,491.39
2023-12-20,709.66,779.75,4.9383,90.999,904.14,480.27,445.58,534.43,825.17,532.74,-,65.788,1271.12,258.31,18306.0,51.729,52.836,4936.95,55.549,95.74,143.04,144.66,409.736,240.68,490.54
2023-12-21,710.12,777.75,4.9553,90.984,898.58,478.93,444.79,533.54,824.31,532.23,-,65.625,1274.26,257.68,18276.0,51.692,52.771,4942.14,55.937,95.97,143.13,145.69,410.022,241.49,491.21
2023-12-22,709.53,781.6,4.9988,90.862,900.7,482.71,447.21,535.11,829.22,534.68,-,65.479,1293.4,258.67,18259.0,51.751,52.858,4897.2,55.423,95.52,142.13,144.74,410.367,240.21,488.74
2023-12-25,710.1,782.38,4.9926,90.847,903.44,482.75,447.75,536.34,829.34,535.54,-,65.284,1294.59,260.15,18271.0,51.722,52.823,4876.39,55.442,95.41,141.11,143.31,411.323,239.58,486.75
2023-12-26,709.65,783.35,5.0019,90.859,903.24,484.02,448.68,536.44,830.29,536.37,-,65.063,1294.99,260.27,18240.0,51.678,52.778,4870.28,55.407,95.25,140.76,143.21,411.386,239.2,485.87
2023-12-27,710.02,784.52,4.9951,90.901,904.36,485.15,450.07,536.8,832.27,538.58,-,65.271,1286.02,262.75,18193.0,51.7,52.799,4869.8,55.229,95.14,140.67,142.86,411.715,239.36,485.63
2023-12-28,709.74,789.01,5.0201,90.861,908.86,486.56,451.03,538.03,842.71,537.9,-,65.115,1289.59,259.2,18187.0,51.749,52.841,4851.1,54.825,94.6,139.96,142.24,413.77,238.6,482.44
2023-12-29,708.27,785.92,5.0213,90.622,904.11,484.84,449.91,537.72,841.84,536.73,-,64.87,1245.82,261.83,18136.0,51.745,52.836,4871.05,55.227,94.91,140.65,143.62,415.785,239.15,482.25
2024-01-02,707.7,782.18,5.0274,90.564,902.26,482.77,447.84,537.0,841.94,535.2,113.74,64.812,1260.6,258.32,18207.0,51.827,52.923,4896.92,55.57,95.33,142.1,143.53,416.662,239.4,483.68
2024-01-03,710.02,778.02,5.008,90.864,897.94,481.74,445.61,536.21,837.12,534.27,113.35,64.941,1273.68,261.09,18334.0,51.665,52.755,4914.31,56.247,95.9,143.45,145.47,418.546,240.07,480.36
2024-01-04,709.97,777.62,4.9788,90.946,902.16,479.59,445.36,535.69,838.55,533.57,113.34,65.197,1287.37,262.86,18328.0,51.605,52.698,4895.66,56.04,96.0,144.44,145.33,418.481,239.42,482.73
2024-01-05,710.29,779.07,4.923,90.939,902.83,477.56,444.12,535.14,837.31,533.22,113.17,65.356,1280.43,262.98,18383.0,51.628,52.717,4870.59,55.897,95.87,143.51,144.66,419.445,239.67,484.4
2024-01-08,710.06,778.28,4.9148,90.914,904.5,478.0,444.95,534.89,836.01,532.65,113.37,65.468,1276.55,262.65,18440.0,51.64,52.734,4863.12,55.919,95.96,144.29,145.07,419.363,237.75,486.57
2024-01-09,710.1,778.76,4.9376,90.934,906.43,478.11,445.06,535.3,838.7,532.78,113.27,65.539,1276.36,261.65,18421.0,51.682,52.773,4857.74,55.76,95.92,143.77,145.77,420.933,237.22,490.54
2024-01-10,710.55,778.09,4.9334,90.897,904.88,476.18,444.71,534.67,835.38,531.84,113.4,65.399,1256.84,262.32,18476.0,51.616,52.706,4879.93,55.973,95.98,143.99,145.63,421.085,238.93,490.01
2024-01-11,710.87,781.39,4.893,90.937,907.57,477.7,444.39,534.73,837.37,532.52,113.27,65.303,1253.83,262.24,18469.0,51.594,52.686,4846.92,55.581,95.61,143.47,145.34,419.393,238.98,490.96
2024-01-12,710.5,781.42,4.9109,90.894,909.17,476.85,444.6,535.06,836.02,531.92,113.32,65.32,1244.34,262.2,18420.0,51.619,52.708,4858.34,55.789,95.59,144.06,144.74,422.332,237.88,491.08
2024-01-15,710.84,779.75,4.9138,90.9,907.47,476.77,444.59,534.55,835.1,531.45,113.31,65.392,1235.75,262.38,18412.0,51.595,52.685,4873.85,55.992,95.82,144.41,144.53,422.562,237.38,490.03
2024-01-16,711.34,780.3,4.8934,90.934,906.93,474.53,441.89,534.42,833.18,531.13,113.32,65.682,1229.48,262.26,18513.0,51.542,52.628,4865.92,56.135,95.76,144.89,145.32,422.228,237.64,489.85
2024-01-17,711.68,777.29,4.8635,90.954,903.63,471.46,439.78,532.2,830.12,530.23,113.3,65.928,1233.26,265.62,18630.0,51.413,52.501,4893.32,56.633,96.07,145.97,146.42,421.712,241.63,494.43
2024-01-18,711.74,777.37,4.8265,91.021,905.7,468.25,437.61,530.94,826.45,529.25,113.22,66.215,1235.18,267.44,18753.0,51.447,52.534,4902.66,56.702,96.13,146.21,147.22,422.038,241.55,496.69
2024-01-19,711.67,775.51,4.825,91.006,907.08,469.57,437.02,530.94,822.4,529.55,113.23,66.258,1249.46,265.55,18679.0,51.485,52.576,4936.74,56.605,96.26,147.03,147.77,422.53,241.22,496.74
2024-01-22,711.05,776.79,4.8207,90.947,905.63,470.61,437.12,531.67,821.02,531.07,113.31,66.324,1232.41,267.16,18664.0,51.541,52.631,4931.59,56.19,96.22,146.69,147.15,423.728,240.32,497.35
2024-01-23,711.17,776.35,4.824,90.967,906.88,469.24,434.34,531.35,821.29,529.67,113.29,66.514,1231.94,269.52,18714.0,51.51,52.598,4954.65,56.341,96.3,146.65,147.48,424.249,241.57,498.01
2024-01-24,710.53,774.07,4.8114,90.839,904.98,469.74,435.76,531.31,819.47,529.91,113.45,66.522,1243.2,267.35,18726.0,51.566,52.648,5003.81,56.86,96.53,147.0,147.35,425.089,243.56,500.02
2024-01-25,710.44,774.46,4.8284,90.866,905.23,468.45,435.57,530.98,824.11,526.43,113.41,66.605,1242.67,265.71,18715.0,51.634,52.726,5008.25,56.687,96.45,146.69,147.13,425.123,242.77,501.45
2024-01-26,710.74,772.56,4.8326,90.909,905.59,469.41,436.0,531.28,821.81,528.96,113.36,66.58,1244.72,265.38,18717.0,51.572,52.658,4993.97,56.721,96.64,146.57,146.55,425.313,242.05,500.73
2024-01-29,710.97,772.18,4.8187,90.973,904.89,468.91,434.55,530.68,825.19,530.31,113.28,66.536,1257.43,264.0,18704.0,51.559,52.645,5033.06,56.653,96.64,146.93,146.51,425.324,241.51,498.78
2024-01-30,710.55,771.5,4.839,90.95,905.74,471.27,437.47,531.73,827.23,531.58,113.31,66.478,1249.77,264.24,18661.0,51.582,52.669,5049.75,56.692,96.73,146.63,146.4,426.141,242.31,496.18
2024-01-31,710.39,771.53,4.8322,90.878,904.21,469.55,436.93,531.44,826.51,531.73,113.4,66.514,1255.9,264.02,18626.0,51.596,52.682,5012.23,56.431,96.71,146.29,146.83,426.408,241.42,495.65
2024-02-01,710.49,769.53,4.8564,90.879,903.94,468.1,436.21,531.51,826.89,530.79,113.43,66.551,1259.09,262.21,18657.0,51.563,52.646,4991.87,56.311,96.95,146.0,147.74,426.163,242.14,497.62
2024-02-02,710.06,773.2,4.8649,90.805,906.67,467.75,437.42,532.12,829.65,531.88,113.51,66.568,1267.06,261.48,18631.0,51.655,52.738,4957.16,55.907,96.54,146.02,146.86,428.075,240.56,495.8
2024-02-05,710.7,767.55,4.8065,90.855,900.2,463.3,432.07,530.85,821.88,530.17,113.45,66.338,1271.17,265.48,18593.0,51.553,52.633,5017.03,56.39,97.28,147.63,149.38,427.708,241.68,496.15
2024-02-06,710.82,766.69,4.8087,90.864,894.76,463.14,433.06,529.43,819.91,527.61,113.36,66.799,1266.51,267.43,18593.0,51.497,52.583,5057.07,56.789,97.49,148.4,149.84,428.024,240.77,499.93
2024-02-07,710.49,766.09,4.8244,90.843,897.3,465.17,435.08,529.67,818.88,528.26,113.5,67.086,1267.81,264.74,18550.0,51.618,52.704,5057.7,56.917,97.63,147.44,148.76,429.465,239.94,497.87
2024-02-08,710.63,767.81,4.8208,90.879,899.8,465.35,436.46,530.29,815.14,529.71,113.34,66.99,1280.61,265.56,18569.0,51.578,52.667,5071.13,56.713,97.38,147.0,148.58,429.431,240.08,498.08
2024-02-09,710.36,768.58,4.7901,90.819,900.17,463.66,436.41,529.16,816.68,530.35,113.41,67.132,1274.16,266.29,18585.0,51.525,52.608,5071.33,56.436,97.22,146.82,148.92,430.178,241.15,501.25
2024-02-19,710.32,767.96,4.7572,90.819,899.04,466.02,437.36,529.45,809.74,529.47,113.51,67.245,1290.0,264.91,18626.0,51.541,52.63,5072.61,56.568,97.21,146.32,147.61,432.703,239.85,503.24
2024-02-20,710.68,767.99,4.7531,90.862,897.38,466.05,438.81,529.12,807.54,528.52,113.44,67.424,1293.05,266.27,18674.0,51.564,52.654,5078.46,56.537,97.32,145.78,147.31,433.329,239.96,504.61
2024-02-21,710.3,769.94,4.7587,90.826,899.0,467.15,440.18,529.64,807.6,527.15,113.46,67.545,1290.47,265.95,18679.0,51.616,52.7,5049.46,56.22,97.07,145.38,147.3,434.318,240.26,504.13
2024-02-22,710.18,770.88,4.7439,90.817,900.13,467.15,441.27,529.54,810.05,528.01,113.47,67.5,1292.6,265.78,18662.0,51.602,52.666,5036.86,56.163,96.96,145.4,147.18,435.684,240.06,502.56
2024-02-23,710.64,771.02,4.7401,90.848,902.09,467.79,442.44,530.24,809.5,528.82,113.43,67.296,1302.38,269.3,18582.0,51.614,52.707,5043.08,56.256,96.95,144.8,147.48,436.283,240.98,502.85
2024-02-26,710.8,771.71,4.7458,90.844,903.78,468.57,442.09,530.48,809.46,528.64,113.46,67.162,1316.0,271.17,18607.0,51.534,52.621,5054.16,55.981,96.84,144.75,147.78,435.637,240.78,503.15
2024-02-27,710.57,773.09,4.7385,90.832,903.59,466.21,440.25,529.52,809.57,527.94,113.45,67.239,1291.14,271.21,18631.0,51.581,52.672,5049.41,55.91,96.69,144.27,147.64,436.987,240.61,502.82
2024-02-28,710.75,772.9,4.7428,90.823,903.84,466.95,440.92,530.05,810.88,527.16,113.46,66.98,1287.0,268.3,18631.0,51.568,52.658,5072.76,55.89,96.73,144.57,147.84,437.194,240.21,502.41
2024-02-29,710.36,772.49,4.7391,90.753,902.49,463.45,435.52,529.37,811.42,525.48,113.56,67.092,1278.28,270.6,18656.0,51.552,52.64,5105.22,56.056,96.72,144.96,148.65,438.119,240.63,504.2
2024-03-01,710.59,770.17,4.7529,90.772,899.7,463.58,434.69,529.1,805.74,525.31,113.53,66.732,1277.03,269.72,18654.0,51.58,52.67,5116.21,56.227,97.09,145.51,149.11,439.411,240.06,502.29
2024-03-04,710.2,772.24,4.7524,90.725,901.55,465.45,435.92,529.44,806.2,525.86,113.59,66.601,1282.76,268.61,18634.0,51.573,52.691,5116.36,56.062,96.76,144.8,147.92,440.893,239.53,501.75
2024-03-05,710.27,773.47,4.7431,90.763,904.17,464.17,435.2,530.01,804.98,525.32,113.54,66.489,1278.86,267.51,18624.0,51.58,52.668,5131.62,56.041,96.63,145.48,148.44,443.269,238.7,500.45
2024-03-06,710.16,773.35,4.7577,90.767,905.01,463.71,434.42,530.13,806.29,524.54,113.53,66.71,1270.08,266.86,18681.0,51.588,52.681,5107.38,55.927,96.64,145.69,148.5,445.259,238.59,501.55
2024-03-07,710.02,775.94,4.7802,90.769,906.15,467.79,437.29,531.51,805.91,527.12,113.54,66.432,1269.94,264.67,18618.0,51.642,52.735,5089.66,55.574,96.35,144.48,147.42,446.889,237.84,499.23
2024-03-08,709.78,779.15,4.8211,90.765,911.29,471.35,440.54,533.35,810.52,529.13,113.53,65.993,1268.99,262.93,18548.0,51.673,52.77,5087.46,55.392,95.97,143.62,146.3,449.095,237.93,498.82
2024-03-11,709.69,778.78,4.8545,90.751,914.72,471.76,440.69,534.21,811.09,528.05,113.56,66.032,1274.47,264.44,18450.0,51.647,52.741,5073.16,55.422,96.01,143.48,146.59,449.624,236.8,496.91
2024-03-12,709.63,777.82,4.8568,90.731,912.08,471.17,440.0,534.69,811.2,528.35,113.58,66.003,1273.03,262.74,18368.0,51.64,52.731,5085.97,55.202,96.11,143.84,146.84,450.361,236.82,497.12
2024-03-13,709.3,777.96,4.8256,90.661,910.89,470.77,438.54,534.04,811.52,528.1,113.66,65.912,1284.75,262.61,18370.0,51.619,52.709,5141.64,55.27,96.06,143.72,147.76,450.904,236.66,499.63
2024-03-14,709.74,779.12,4.8276,90.739,910.69,471.85,439.37,533.71,808.99,528.66,113.56,66.044,1279.99,261.36,18408.0,51.66,52.754,5097.84,55.137,95.97,143.66,147.39,451.67,235.04,499.65
2024-03-15,709.75,775.69,4.8134,90.735,908.83,469.37,437.36,533.3,806.52,527.02,113.57,66.049,1280.62,263.28,18487.0,51.549,52.637,5116.71,55.525,96.37,145.07,148.36,451.937,235.22,499.97
2024-03-18,709.43,775.59,4.7895,90.696,907.25,467.92,434.58,532.19,806.65,526.56,113.66,66.267,1296.08,263.58,18600.0,51.559,52.652,5080.69,55.608,96.41,145.41,149.15,451.672,235.45,501.66
2024-03-19,709.85,774.39,4.7831,90.772,906.43,467.53,434.32,531.56,802.66,526.75,113.53,66.501,1282.87,266.51,18675.0,51.597,52.693,5116.56,56.012,96.58,146.41,149.63,454.276,237.2,503.56
2024-03-20,709.68,774.41,4.7282,90.722,906.82,465.87,431.95,530.61,802.51,525.77,113.59,66.642,1292.99,265.85,18699.0,51.545,52.638,5112.85,55.895,96.54,146.35,149.37,454.664,236.68,504.56
2024-03-21,709.42,777.69,4.7258,90.709,909.71,469.25,433.62,530.52,803.04,528.11,113.61,66.517,1292.81,263.23,18646.0,51.681,52.776,5076.36,55.608,96.15,145.82,148.48,455.923,235.31,504.3
2024-03-22,710.04,774.65,4.7118,90.792,903.55,469.12,432.7,530.52,795.43,527.57,113.5,66.437,1286.44,264.45,18578.0,51.586,52.683,5099.98,55.755,96.52,146.63,149.46,451.766,235.71,506.09
2024-03-25,709.96,771.67,4.7274,90.774,899.53,465.9,428.96,528.76,795.19,525.42,113.52,66.648,1283.08,266.48,18679.0,51.483,52.578,5170.49,56.236,96.96,147.86,150.52,449.627,235.76,508.05
2024-03-26,709.43,772.03,4.7127,90.706,899.94,466.2,428.48,528.89,791.74,524.85,113.61,66.526,1298.42,265.63,18696.0,51.589,52.687,5158.29,55.952,96.88,148.42,150.51,451.804,235.02,508.66
2024-03-27,709.46,771.79,4.7099,90.698,899.75,466.16,429.17,529.32,788.41,525.08,113.62,66.583,1293.83,266.83,18732.0,51.585,52.686,5145.47,56.073,97.02,148.57,151.11,452.33,234.65,507.76
2024-03-28,709.48,770.43,4.7195,90.685,899.58,465.32,427.93,528.73,787.38,525.48,113.64,66.625,1292.0,266.07,18818.0,51.553,52.656,5142.93,56.206,97.09,149.26,151.71,453.312,233.35,508.39
2024-03-29,709.5,767.65,4.7158,90.655,900.04,464.02,425.83,527.62,790.74,527.38,113.67,66.721,1292.5,266.0,18806.0,51.564,52.662,5145.42,56.216,97.32,150.37,152.76,454.454,233.93,509.76
2024-04-01,709.38,768.89,4.7148,90.644,899.89,465.97,427.73,528.35,789.82,527.26,113.7,66.594,1293.68,265.13,18799.0,51.592,52.692,5143.5,56.106,97.36,149.88,152.37,455.222,233.33,508.51
2024-04-02,709.57,766.5,4.7138,90.675,896.2,464.3,426.73,527.84,788.89,526.65,113.65,66.614,1289.06,265.98,18845.0,51.535,52.63,5166.45,56.255,97.62,151.1,153.46,452.686,233.98,509.95
2024-04-03,709.49,767.73,4.7106,90.629,895.79,464.81,426.53,526.9,784.69,525.9,113.7,66.92,1291.27,264.04,18830.0,51.583,52.686,5166.77,56.164,97.58,150.7,152.22,449.881,233.47,511.54
2024-04-08,709.47,771.37,4.7065,90.623,898.91,468.48,429.13,527.63,788.34,524.09,113.66,66.951,1292.02,263.21,18875.0,51.617,52.721,5073.04,55.761,97.08,149.49,151.1,449.366,232.21,512.52
2024-04-09,709.56,773.82,4.7022,90.605,901.61,471.2,431.35,528.36,787.08,525.52,113.74,66.941,1290.82,262.08,18902.0,51.599,52.702,5059.57,55.295,96.77,148.15,150.01,451.652,230.18,512.79
2024-04-10,709.59,774.02,4.706,90.615,903.46,473.2,433.71,529.62,789.16,525.77,113.73,66.899,1297.47,259.43,18880.0,51.57,52.675,5061.4,55.35,96.74,147.95,149.85,452.404,230.88,508.38
2024-04-11,709.68,766.9,4.6778,90.584,895.48,466.01,428.62,526.99,782.54,522.45,113.76,66.831,1301.71,263.63,18944.0,51.475,52.578,5126.98,55.909,97.66,150.08,151.89,452.658,231.83,510.92
2024-04-12,709.67,765.29,4.6654,90.55,895.48,467.08,429.51,526.99,783.75,521.94,113.8,66.885,1302.8,263.06,19036.0,51.535,52.64,5119.3,55.945,97.82,150.3,151.76,453.32,231.61,508.96
2024-04-15,709.79,761.79,4.6677,90.577,891.63,464.51,426.8,525.1,782.18,520.69,113.77,66.995,1304.15,264.29,19165.0,51.463,52.565,5161.94,56.373,98.09,151.5,152.0,453.526,233.3,511.29
2024-04-16,710.28,759.69,4.6419,90.705,889.83,461.51,422.88,523.77,783.02,519.35,113.61,67.186,1304.6,266.05,19280.0,51.478,52.582,5185.53,56.649,98.42,151.98,152.83,454.144,234.4,512.25
2024-04-17,710.25,759.73,4.6333,90.69,889.0,460.63,422.18,523.31,782.7,518.29,113.63,67.193,1312.9,266.75,19316.0,51.465,52.582,5199.85,57.487,98.42,152.9,153.3,454.773,238.78,511.46
2024-04-18,710.2,759.8,4.6363,90.707,888.54,459.29,421.49,523.92,782.71,518.63,113.73,67.259,1314.11,266.81,19208.0,51.583,52.666,5169.07,56.945,98.45,153.42,154.47,455.275,237.95,513.51
2024-04-19,710.46,758.73,4.6329,90.711,888.7,458.7,421.03,523.78,782.2,519.45,113.6,67.238,1310.1,268.32,19193.0,51.518,52.622,5186.17,57.014,98.63,153.71,155.07,455.756,239.4,513.51
2024-04-22,710.43,759.55,4.6334,90.696,884.56,459.44,420.97,524.13,783.06,520.12,113.62,67.16,1298.34,268.24,19191.0,51.514,52.613,5175.52,56.548,98.44,153.01,154.51,456.005,239.55,515.28
2024-04-23,710.59,760.53,4.6228,90.687,881.48,461.19,424.02,523.57,782.79,521.61,113.64,67.255,1307.56,269.38,19208.0,51.493,52.591,5204.53,56.995,98.46,152.46,154.02,456.44,241.13,516.99
2024-04-24,710.48,763.32,4.6199,90.678,887.59,463.33,424.78,523.45,781.92,522.42,113.64,67.261,1299.88,268.48,19141.0,51.553,52.654,5172.86,56.707,98.12,151.6,153.13,456.517,238.92,515.34
2024-04-25,710.58,763.72,4.6082,90.743,889.32,464.65,425.28,523.64,780.45,521.4,113.6,67.283,1287.53,269.97,19146.0,51.498,52.587,5181.77,57.016,98.04,152.47,154.21,456.384,240.4,517.17
2024-04-26,710.56,765.61,4.5967,90.777,892.5,466.36,426.91,524.6,781.82,523.06,113.55,67.246,1285.98,267.26,19135.0,51.515,52.606,5155.6,56.602,97.79,152.49,153.76,456.196,242.15,516.46
2024-04-29,710.66,764.86,4.5252,90.772,893.58,468.11,426.48,524.46,782.08,523.68,113.53,67.122,1280.98,263.89,19172.0,51.461,52.547,5157.04,56.767,97.89,152.92,154.35,455.424,241.54,515.9
2024-04-30,710.63,764.58,4.577,90.805,895.94,469.05,427.81,524.1,783.19,522.55,113.49,67.161,1300.2,261.77,19165.0,51.523,52.614,5140.39,56.669,97.94,153.21,154.3,454.533,239.53,517.4
2024-05-06,709.94,766.32,4.655,90.886,893.25,471.34,428.96,527.02,786.39,520.66,113.33,66.764,1280.82,260.38,19016.0,51.636,52.728,5102.61,56.628,97.68,151.71,152.67,454.31,239.36,514.25
2024-05-07,710.02,767.42,4.6289,90.806,895.0,472.74,429.46,526.79,786.09,521.78,113.49,66.772,1277.09,259.65,18954.0,51.574,52.662,5080.56,56.31,97.49,151.7,152.11,452.789,237.75,515.21
2024-05-08,710.16,766.59,4.6145,90.788,891.62,470.64,429.04,525.82,784.94,519.83,113.51,66.729,1277.18,259.93,19010.0,51.537,52.625,5092.88,56.457,97.59,152.29,153.22,452.537,238.11,516.16
2024-05-09,710.28,766.39,4.5939,90.878,891.03,469.84,429.34,525.83,785.44,520.15,113.39,66.723,1281.2,260.91,19050.0,51.53,52.62,5091.83,56.311,97.61,152.86,152.99,452.791,238.13,516.11
2024-05-10,710.11,768.17,4.5954,90.867,892.23,472.1,431.21,526.34,786.43,521.37,113.41,66.689,1292.91,259.55,19100.0,51.585,52.677,5068.3,55.989,97.41,152.23,152.39,453.194,236.51,513.72
2024-05-13,710.3,768.29,4.5867,90.889,893.54,471.73,430.84,526.04,786.94,522.07,113.37,66.716,1292.0,258.86,19119.0,51.538,52.626,5067.7,56.204,97.42,151.99,152.24,452.28,236.25,513.45
2024-05-14,710.53,769.51,4.5752,90.962,895.38,471.97,430.69,526.57,785.13,522.22,113.29,66.578,1277.86,257.84,19073.0,51.546,52.634,5048.54,55.918,97.29,151.99,151.77,452.408,236.51,513.89
2024-05-15,710.49,771.29,4.5676,90.955,897.5,473.16,432.4,526.95,786.34,522.75,113.3,66.314,1274.89,258.45,19050.0,51.534,52.636,5023.48,55.56,97.08,151.52,151.65,452.866,237.17,510.95
2024-05-16,710.2,774.98,4.6241,90.998,902.68,477.15,437.23,529.27,789.71,523.64,113.27,66.064,1273.49,256.93,18969.0,51.663,52.754,4994.95,55.182,96.61,149.71,149.93,452.325,235.17,508.52
2024-05-17,710.45,774.46,4.5959,91.057,903.02,476.79,438.01,528.96,786.41,523.87,113.17,65.954,1270.0,255.53,18856.0,51.589,52.678,5011.2,55.2,96.69,150.32,150.27,452.675,234.93,506.26
2024-05-20,710.42,775.28,4.5866,91.034,905.83,478.43,438.62,529.5,784.4,524.48,113.18,65.956,1270.79,255.23,18916.0,51.547,52.633,5010.38,55.151,96.52,150.08,149.83,452.229,233.62,504.51
2024-05-21,710.69,775.03,4.5754,91.153,907.05,476.87,437.43,529.16,784.01,524.39,113.06,65.99,1266.32,255.02,18952.0,51.508,52.598,5000.5,55.117,96.6,149.72,150.08,451.516,232.96,503.98
2024-05-22,710.77,775.08,4.5814,91.072,907.46,476.94,436.68,529.4,783.56,524.01,113.16,66.053,1261.2,253.52,19012.0,51.493,52.582,4993.24,55.085,96.58,149.69,149.52,451.147,233.86,507.51
2024-05-23,710.98,773.3,4.5695,91.094,908.67,473.96,437.55,528.81,780.56,522.47,113.12,66.058,1257.28,256.56,19009.0,51.46,52.545,5026.95,55.435,96.83,150.26,150.02,451.145,234.31,507.94
2024-05-24,711.02,772.54,4.5615,91.048,907.17,472.69,437.33,528.14,781.42,521.08,113.19,66.226,1277.11,258.98,19030.0,51.447,52.534,5022.39,55.441,96.92,150.21,149.5,450.951,235.2,510.21
2024-05-27,710.91,774.02,4.5595,90.981,908.51,473.52,438.28,528.28,780.36,522.27,113.27,66.256,1249.42,258.37,19054.0,51.516,52.605,4982.7,55.169,96.73,149.38,148.72,451.551,234.59,511.35
2024-05-28,711.01,775.04,4.5584,91.082,910.96,475.61,440.47,528.67,781.04,523.93,113.14,66.047,1239.53,258.03,18980.0,51.541,52.635,4986.16,55.243,96.67,148.73,147.22,450.483,234.67,510.34
2024-05-29,711.06,775.08,4.5519,91.025,911.16,475.58,440.15,529.07,782.83,523.88,113.21,66.056,1234.99,256.5,18970.0,51.473,52.56,4986.66,55.153,96.64,148.08,147.44,451.568,236.23,510.6
2024-05-30,711.11,772.22,4.548,91.019,908.14,473.66,438.77,528.31,783.33,521.89,113.22,66.194,1246.75,258.62,19072.0,51.387,52.48,5045.43,55.683,96.94,149.24,148.29,451.314,239.36,513.02
2024-05-31,710.88,773.22,4.5611,90.927,908.53,474.02,438.05,528.49,790.16,522.24,113.28,66.153,1257.06,262.87,19221.0,51.49,52.585,5053.33,55.603,96.79,148.32,147.9,451.777,239.24,512.17
2024-06-03,710.86,774.57,4.5504,90.892,909.51,475.84,440.32,528.13,791.35,524.4,113.39,66.199,1260.36,263.79,19258.0,51.495,52.585,5049.31,55.4,96.62,147.5,147.29,451.538,238.77,513.29
2024-06-04,710.83,777.87,4.5781,90.911,913.16,477.77,442.96,529.68,796.35,523.59,113.35,66.069,1246.09,260.24,19175.0,51.559,52.65,5038.68,55.156,96.26,145.94,146.66,451.42,248.65,511.94
2024-06-05,710.97,776.98,4.6174,91.024,911.99,475.5,442.51,529.94,802.23,522.68,113.21,66.099,1247.31,262.73,19169.0,51.477,52.566,5082.41,55.683,96.34,146.15,148.08,457.172,250.58,510.34
2024-06-06,711.08,776.64,4.5896,91.061,913.53,475.98,444.01,529.45,799.92,522.19,113.17,66.066,1241.74,265.73,19093.0,51.476,52.566,5050.04,55.497,96.39,145.49,148.18,451.769,246.35,510.04
2024-06-07,711.06,777.6,4.5984,91.037,913.05,476.88,443.91,530.27,802.28,522.81,113.2,66.044,1244.33,266.36,19071.0,51.489,52.581,5035.0,55.331,96.28,145.47,147.96,452.143,251.8,507.89
2024-06-11,711.35,769.7,4.5596,91.059,910.6,473.35,439.96,528.4,796.53,520.48,113.15,66.334,1237.68,262.41,19124.0,51.393,52.475,5133.12,56.486,97.25,146.48,148.97,453.09,259.42,511.53
2024-06-12,711.33,767.88,4.5588,91.081,910.85,473.48,440.99,528.22,794.99,520.53,113.14,66.3,1243.19,260.1,19163.0,51.4,52.484,5169.68,56.793,97.45,146.61,149.69,453.053,260.96,511.25
2024-06-13,711.22,771.97,4.5636,91.08,913.06,476.24,442.69,529.41,796.72,520.64,113.14,66.259,1244.92,257.97,19093.0,51.493,52.585,5139.77,56.377,97.0,145.36,148.32,453.044,264.04,510.86
2024-06-14,711.51,767.95,4.5603,91.091,912.28,475.18,441.96,528.96,798.58,521.04,113.13,66.204,1224.12,258.21,19132.0,51.4,52.496,5193.72,56.897,97.46,146.5,149.05,454.846,259.37,511.27
2024-06-17,711.49,765.55,4.5502,91.087,907.58,474.05,440.47,528.05,801.63,521.32,113.08,66.28,1247.45,257.31,19209.0,51.372,52.468,5221.64,57.394,97.77,147.03,149.44,458.138,259.95,510.42
2024-06-18,711.48,767.49,4.5461,91.095,908.28,473.64,439.76,528.47,802.68,521.62,113.14,66.189,1236.27,255.75,19201.0,51.415,52.526,5175.14,56.845,97.52,146.49,149.22,459.262,260.77,512.62
2024-06-19,711.59,766.87,4.5381,91.137,907.06,476.19,439.79,528.09,806.06,520.98,113.09,66.211,1195.38,253.12,19231.0,51.482,52.589,5162.0,56.827,97.66,146.21,148.33,456.326,259.16,511.16
2024-06-20,711.92,768.01,4.5378,91.199,908.66,477.61,440.16,528.64,806.51,521.81,113.01,66.194,1162.7,251.54,19239.0,51.453,52.553,5178.24,56.574,97.52,146.02,147.92,455.255,259.4,510.83
2024-06-21,711.96,766.23,4.5182,91.232,906.24,477.61,439.95,527.94,801.61,524.18,112.97,66.207,1213.08,251.63,19302.0,51.366,52.463,5203.93,56.749,97.73,146.64,147.45,459.046,257.89,511.0
2024-06-24,712.01,765.07,4.4952,91.239,904.5,475.89,439.03,527.8,799.15,523.14,112.96,66.139,1239.28,252.15,19308.0,51.351,52.448,5207.25,56.809,97.85,146.77,147.92,458.916,254.59,511.08
2024-06-25,712.25,767.03,4.494,91.234,906.03,476.26,438.98,527.74,798.56,523.63,112.98,66.203,1222.28,253.85,19288.0,51.444,52.547,5173.58,56.189,97.66,146.54,147.69,461.097,252.5,511.07
2024-06-26,712.48,766.54,4.5001,91.235,907.82,476.53,439.63,527.85,798.19,524.56,112.97,66.085,1221.69,255.37,19316.0,51.366,52.472,5189.02,56.362,97.69,146.82,148.5,460.77,254.78,510.76
2024-06-27,712.7,765.01,4.4783,91.272,904.23,476.97,437.1,526.58,797.24,523.34,112.85,66.188,1226.68,254.1,19315.0,51.305,52.406,5211.34,56.675,97.86,147.26,149.28,458.718,257.21,513.17
2024-06-28,712.68,766.17,4.4738,91.268,904.3,476.5,436.9,527.9,794.71,522.74,112.91,66.248,1188.94,258.46,19273.0,51.381,52.475,5198.0,56.533,97.74,148.44,149.13,459.736,259.24,512.4
2024-07-01,712.65,767.87,4.4682,91.261,904.27,477.68,437.58,527.13,793.44,523.36,112.93,66.21,1192.75,253.01,19207.0,51.434,52.539,5162.87,56.429,97.56,147.81,149.21,457.867,256.9,511.51
2024-07-02,712.91,768.92,4.4587,91.267,905.82,477.79,436.3,527.03,792.09,522.37,112.93,66.156,1207.04,256.47,19216.0,51.326,52.425,5155.36,56.387,97.38,148.06,148.99,455.935,258.01,510.64
2024-07-03,713.12,769.39,4.4552,91.278,908.31,478.3,436.97,527.35,790.8,524.13,112.92,66.24,1221.26,260.36,19275.0,51.35,52.449,5152.06,56.252,97.28,147.67,149.17,454.881,256.4,512.21
2024-07-04,713.05,772.32,4.4517,91.29,911.96,480.99,438.53,528.49,792.58,525.41,112.88,66.199,1230.43,257.86,19257.0,51.363,52.459,5133.1,55.909,96.97,146.54,147.64,454.979,255.3,510.22
2024-07-05,712.89,774.09,4.459,91.292,912.9,482.29,439.31,528.96,793.8,526.27,112.91,66.091,1237.42,255.62,19182.0,51.36,52.454,5100.7,55.578,96.77,146.65,147.8,456.099,254.02,509.27
2024-07-08,712.86,774.7,4.4739,91.24,916.3,483.53,441.07,530.1,797.9,525.03,112.94,66.123,1223.71,254.2,19171.0,51.376,52.468,5089.78,55.562,96.67,146.69,147.65,456.366,254.15,507.11
2024-07-09,713.1,775.35,4.4748,91.304,917.25,483.54,440.58,529.82,796.59,525.7,112.81,66.082,1215.67,253.39,19222.0,51.352,52.442,5109.97,55.277,96.57,147.62,148.13,457.13,252.62,506.51
2024-07-10,713.42,774.95,4.4628,91.329,916.33,483.99,440.65,529.84,797.03,526.21,112.81,66.002,1218.67,253.85,19223.0,51.301,52.388,5110.01,55.169,96.61,147.2,148.1,459.262,251.16,505.79
2024-07-11,713.39,776.28,4.457,91.34,920.79,484.63,437.84,530.93,795.27,526.77,112.8,65.865,1231.06,253.2,19202.0,51.214,52.418,5092.73,55.151,96.45,147.14,149.64,459.105,250.28,504.66
2024-07-12,713.15,777.26,4.5253,91.339,923.24,484.12,436.55,531.98,796.36,524.9,112.81,65.646,1214.54,252.04,19118.0,51.43,52.518,5087.95,55.083,96.4,146.83,150.09,461.373,249.67,502.53
2024-07-15,713.13,779.29,4.5354,91.333,928.26,485.38,437.76,532.52,797.15,524.99,112.84,65.555,1223.36,251.86,19141.0,51.344,52.431,5053.74,54.83,96.06,147.17,150.11,462.028,248.38,503.36
2024-07-16,713.28,780.47,4.5429,91.368,928.88,485.17,436.66,532.37,798.55,524.34,112.81,65.55,1226.74,254.68,19239.0,51.321,52.411,5036.52,54.78,95.93,147.99,151.03,461.062,248.83,502.73
2024-07-17,713.18,780.89,4.5384,91.358,929.32,482.9,435.77,532.27,800.45,524.53,112.83,65.559,1229.49,252.44,19217.0,51.318,52.409,5041.99,55.073,95.83,147.85,150.64,461.557,247.84,500.89
2024-07-18,712.85,782.53,4.6067,91.317,930.15,481.93,436.26,533.26,808.78,523.25,112.87,65.437,1231.52,254.93,19180.0,51.408,52.495,5017.31,55.078,95.72,147.36,150.11,462.926,249.14,499.98
2024-07-19,713.15,780.9,4.5691,91.311,927.95,481.42,434.62,532.62,806.21,523.54,112.87,65.487,1228.86,255.16,19229.0,51.287,52.376,5025.71,55.187,95.87,147.82,151.04,462.126,252.07,502.05
2024-07-22,713.35,780.87,4.5666,91.333,926.79,480.73,432.92,532.47,805.64,523.33,112.83,65.689,1221.11,254.74,19277.0,51.301,52.387,5024.3,55.143,95.85,148.48,151.73,461.948,252.33,504.22
2024-07-23,713.34,780.47,4.5756,91.377,926.74,476.87,429.93,531.89,804.14,521.5,112.77,65.647,1221.12,255.19,19259.0,51.296,52.388,5014.14,55.078,95.95,149.6,153.05,459.903,251.76,504.94
2024-07-24,713.58,777.64,4.6107,91.381,924.65,474.83,428.18,532.25,802.6,520.52,112.77,65.568,1220.57,257.34,19231.0,51.296,52.391,5042.64,55.275,96.31,150.22,153.92,458.439,254.8,502.09
2024-07-25,713.21,776.43,4.6703,91.34,923.92,471.68,425.83,532.89,808.0,519.23,112.83,65.536,1199.76,256.77,19204.0,51.332,52.426,5088.99,55.589,96.49,150.41,154.14,458.919,257.98,502.1
2024-07-26,712.7,775.99,4.6617,91.304,919.2,468.25,422.03,532.07,810.91,517.75,112.86,65.409,1184.6,257.15,19279.0,51.39,52.49,5072.25,55.392,96.44,151.38,154.32,463.362,258.99,504.89
2024-07-29,713.16,776.79,4.6526,91.339,920.92,470.16,423.19,532.31,808.13,518.21,112.82,65.309,1198.24,256.06,19248.0,51.366,52.47,5051.07,55.228,96.39,151.11,154.03,460.398,258.72,500.81
2024-07-30,713.64,774.97,4.6645,91.354,921.13,469.96,422.38,532.93,807.21,517.5,112.8,65.022,1201.48,257.87,19217.0,51.319,52.416,5092.28,55.645,96.61,151.24,153.71,461.802,261.9,500.18
2024-07-31,713.46,774.39,4.6958,91.336,919.0,468.93,423.92,532.95,810.16,517.33,112.83,64.733,1196.43,256.19,19256.0,51.352,52.451,5123.23,55.605,96.66,150.34,153.08,462.824,263.15,499.35
2024-08-01,713.23,773.59,4.7699,91.283,918.09,467.96,426.2,534.16,812.43,517.7,112.89,64.168,1202.07,255.19,19110.0,51.447,52.554,5107.04,55.62,96.76,149.75,152.81,464.457,261.67,495.86
2024-08-02,713.76,772.46,4.8075,91.343,912.08,465.94,426.53,535.08,819.15,516.61,112.81,63.951,1191.12,255.82,19101.0,51.333,52.447,5148.43,55.891,96.9,149.8,152.94,463.361,265.0,494.95
2024-08-05,713.45,778.89,4.9003,91.737,912.61,463.89,424.83,537.98,832.66,514.49,112.64,62.551,1198.14,256.67,19075.0,51.487,52.609,5115.92,55.201,96.01,148.26,153.48,465.732,272.13,494.94
2024-08-06,713.18,781.43,4.9069,91.556,912.01,464.87,424.81,538.31,834.89,516.58,112.55,62.223,1191.34,259.38,19186.0,51.52,52.657,5080.86,55.083,95.58,147.8,154.34,468.324,269.53,496.7
2024-08-07,713.86,779.95,4.9409,91.562,906.01,465.63,426.83,538.55,837.24,518.07,112.55,62.655,1198.96,259.0,19262.0,51.443,52.582,5102.0,55.279,95.67,147.56,152.98,470.94,272.76,496.56
2024-08-08,714.6,781.51,4.9002,91.733,907.01,466.17,428.8,538.82,831.98,520.08,112.34,62.821,1198.26,257.42,19243.0,51.381,52.506,5098.97,55.408,95.58,146.39,151.19,469.123,269.96,497.22
2024-08-09,714.49,780.64,4.8486,91.658,911.39,471.27,429.76,539.28,825.27,520.67,112.43,62.604,1212.03,256.74,19215.0,51.365,52.476,5079.18,55.415,95.66,147.01,151.67,469.263,264.17,493.04
2024-08-12,714.58,780.38,4.8669,91.623,911.46,469.85,429.1,539.8,826.03,520.49,112.47,61.817,1238.53,256.14,19071.0,51.386,52.489,5055.95,55.399,95.74,147.07,151.34,468.812,263.52,492.3
2024-08-13,714.79,782.17,4.8684,91.743,913.49,471.42,431.26,540.23,826.68,520.89,112.32,62.231,1270.03,255.08,19128.0,51.337,52.462,5040.1,55.102,95.47,147.06,151.04,468.687,266.35,490.51
2024-08-14,714.15,785.17,4.8607,91.691,918.64,473.73,434.04,542.24,825.57,520.91,112.39,62.07,1281.33,253.56,19078.0,51.432,52.57,5009.65,54.614,95.06,146.51,150.31,469.147,266.05,490.22
2024-08-15,713.99,786.18,4.8479,91.626,915.68,470.86,428.12,542.29,825.19,520.56,112.44,61.929,1257.91,253.12,19028.0,51.439,52.563,5024.89,54.57,94.9,146.59,150.13,470.634,263.61,491.14
2024-08-16,714.64,784.88,4.7945,91.654,919.72,473.14,428.47,540.86,819.66,520.95,112.43,62.267,1241.96,251.69,19033.0,51.373,52.491,5046.35,54.703,95.14,147.34,150.24,471.13,261.13,489.54
2024-08-19,714.15,787.48,4.8279,91.624,924.17,476.56,432.41,542.94,822.85,522.01,112.47,61.705,1252.4,250.06,18875.0,51.448,52.551,5013.85,54.173,94.83,146.13,149.61,471.618,260.82,484.31
2024-08-20,713.25,790.26,4.8581,91.6,925.7,479.91,435.93,545.16,825.88,522.84,112.5,61.328,1261.23,248.56,18699.0,51.524,52.638,4985.88,53.962,94.46,144.6,148.04,473.565,261.88,482.22
2024-08-21,713.07,793.25,4.9141,91.553,929.02,480.97,439.03,546.53,836.15,523.57,112.59,61.282,1278.02,249.65,18656.0,51.522,52.638,4959.77,53.877,94.05,143.11,147.17,475.48,266.58,479.12
2024-08-22,712.28,794.63,4.9139,91.411,932.54,480.72,438.81,545.95,837.33,524.4,112.74,61.37,1283.56,250.54,18714.0,51.556,52.658,4938.74,53.809,93.92,142.97,147.39,476.177,270.63,481.03
2024-08-23,713.58,793.16,4.8864,91.524,934.69,478.85,438.86,544.74,838.05,524.77,112.59,61.47,1280.5,252.41,18797.0,51.467,52.581,4962.31,54.013,94.06,143.44,148.37,476.018,273.44,482.83
2024-08-26,711.39,795.84,4.9485,91.267,939.34,482.68,442.75,546.93,839.66,526.43,112.93,61.286,1285.76,249.42,18617.0,51.66,52.776,4944.99,53.637,93.78,143.37,147.19,478.373,270.68,477.31
2024-08-27,712.49,794.94,4.9302,91.359,939.26,482.51,442.12,546.17,840.91,528.28,112.8,61.094,1291.66,248.71,18662.0,51.576,52.691,4961.67,53.859,93.85,143.39,148.04,477.832,272.32,477.15
2024-08-28,712.16,796.16,4.9516,91.278,944.16,483.52,444.78,547.31,846.37,529.61,112.9,61.003,1285.08,248.9,18668.0,51.577,52.695,4934.43,53.786,93.7,142.52,146.9,477.966,277.9,476.29
2024-08-29,712.99,793.18,4.9386,91.423,940.54,483.72,445.71,547.11,847.37,529.07,112.72,60.878,1283.94,250.11,18742.0,51.519,52.636,4961.73,54.185,94.04,143.02,147.42,479.189,276.23,477.41
2024-08-30,711.24,788.07,4.9054,91.222,936.38,483.45,445.52,545.88,839.43,527.32,112.97,60.603,1293.76,249.57,18767.0,51.641,52.766,4983.53,54.367,94.65,143.7,147.65,479.217,279.04,477.18
2024-09-02,710.27,784.44,4.848,91.091,932.27,480.84,443.74,543.76,834.82,526.49,113.13,60.891,1275.79,251.09,18848.0,51.735,52.859,5009.39,54.653,95.09,144.52,149.33,479.963,277.56,479.63
2024-09-03,711.12,786.54,4.8414,91.208,934.06,482.54,442.68,543.95,834.79,526.69,112.98,61.277,1261.22,250.85,18822.0,51.664,52.79,4989.98,54.268,94.8,144.15,148.96,476.942,279.1,480.97
2024-09-04,711.48,785.82,4.9008,91.255,932.73,477.55,440.18,544.51,837.09,525.33,112.93,61.345,1233.37,252.56,18853.0,51.634,52.747,5008.95,54.454,94.92,144.8,150.21,477.911,278.45,481.29
2024-09-05,709.89,786.6,4.9482,91.081,933.03,476.93,439.4,544.64,838.94,525.53,113.14,61.239,1231.26,251.73,18802.0,51.744,52.879,4998.05,54.35,94.85,144.7,149.9,479.542,280.92,478.74
2024-09-06,709.25,787.83,4.9459,91.003,934.34,477.93,441.2,545.55,840.11,525.26,113.24,61.12,1244.25,249.67,18798.0,51.791,52.935,4990.84,54.36,94.69,144.6,149.9,479.284,280.49,474.11
2024-09-09,709.89,787.08,4.9854,91.057,932.52,473.69,438.29,544.74,841.21,523.49,113.17,61.072,1273.7,251.41,18853.0,51.743,52.882,5003.15,54.379,94.79,145.05,150.89,479.08,281.1,475.01
2024-09-10,711.36,784.98,4.9661,91.234,929.86,473.84,437.06,544.73,837.48,524.62,112.95,61.428,1272.77,251.26,18871.0,51.628,52.757,5053.71,54.454,95.03,145.87,152.31,479.113,279.56,476.38
2024-09-11,711.82,784.43,5.0034,91.293,931.12,473.66,437.88,545.81,840.54,523.1,112.88,60.975,1278.14,252.06,18870.0,51.594,52.707,5059.33,54.546,95.11,145.73,152.17,478.139,282.3,472.82
2024-09-12,712.14,784.0,4.993,91.332,928.46,475.59,436.95,545.9,835.01,524.57,112.83,60.824,1286.14,251.43,18816.0,51.579,52.7,5052.12,54.688,95.17,145.87,152.45,477.42,278.06,474.39
2024-09-13,710.3,786.8,5.016,91.069,932.62,477.57,439.33,545.94,835.5,523.15,113.16,60.967,1254.67,250.15,18802.0,51.719,52.842,5026.73,54.478,94.87,144.75,150.83,478.492,275.17,470.21
2024-09-18,708.7,788.35,4.9925,90.937,933.07,479.18,438.97,547.01,837.36,521.36,113.35,60.092,1291.21,248.19,18678.0,51.828,52.963,5005.81,54.227,94.66,143.64,149.56,480.794,269.8,470.69
2024-09-19,709.83,788.59,4.9782,91.06,936.87,479.74,440.5,547.76,837.89,521.52,113.19,59.824,1308.87,247.17,18727.0,51.74,52.869,4998.71,54.13,94.57,143.83,149.22,479.907,271.33,470.63
2024-09-20,706.44,788.34,4.9493,90.655,938.07,481.0,440.62,546.7,833.47,520.88,113.69,59.557,1303.88,247.84,18808.0,51.986,53.113,4999.9,54.219,94.62,143.84,148.68,482.354,273.4,468.79
2024-09-23,705.31,787.14,4.9011,90.536,939.06,480.18,439.79,546.42,829.2,519.89,113.85,59.556,1309.47,247.26,18910.0,52.076,53.204,4993.55,54.253,94.78,144.2,148.73,483.908,274.92,467.23
2024-09-24,705.1,783.32,4.9085,90.545,940.93,481.56,441.56,546.16,831.97,521.05,113.82,59.577,1319.04,246.1,18922.0,52.087,53.208,5040.76,54.541,95.22,144.63,148.75,484.331,275.57,467.21
2024-09-25,702.02,785.24,4.906,90.194,942.11,484.19,445.5,547.2,833.56,522.82,114.3,59.017,1323.3,245.96,18911.0,52.324,53.447,5024.67,54.187,94.99,143.76,148.14,485.997,275.35,464.74
2024-09-26,703.54,783.17,4.8636,90.382,937.27,480.12,440.44,545.69,827.35,521.83,114.07,58.775,1312.95,245.56,18971.0,52.204,53.331,5045.73,54.507,95.24,144.81,150.29,485.654,279.24,465.09
2024-09-27,701.01,783.26,4.8314,90.112,939.75,483.22,443.34,545.97,828.01,520.23,114.39,58.989,1321.47,245.21,18777.0,52.396,53.509,5055.98,54.565,95.21,144.37,150.29,487.579,279.9,462.68
2024-09-30,700.74,782.67,4.9077,90.179,937.61,484.71,444.83,547.31,833.18,518.68,114.28,58.777,1338.68,244.11,18699.0,52.41,53.531,5068.11,54.575,95.26,143.9,149.81,487.51,280.41,461.92
2024-10-08,707.09,776.43,4.7774,91.042,925.74,477.61,433.57,542.3,827.92,519.05,113.21,60.578,1363.17,245.73,19034.0,51.948,53.127,5179.13,55.709,96.11,146.39,150.52,484.495,272.78,473.71
2024-10-09,705.68,774.61,4.7604,90.767,924.34,475.68,432.56,541.06,823.19,516.97,113.44,60.749,1370.77,249.21,18997.0,52.041,53.203,5156.07,55.541,96.28,146.37,151.73,485.221,274.22,475.08
2024-10-10,707.42,773.92,4.7414,91.016,924.34,475.07,429.22,540.97,821.96,515.94,113.26,60.56,1371.09,249.69,19035.0,51.917,53.07,5154.09,55.519,96.36,146.9,152.35,484.248,275.29,473.63
2024-10-11,707.31,773.34,4.7601,91.037,923.61,476.82,431.09,541.62,825.71,514.63,113.23,60.65,1366.92,247.59,19101.0,51.926,53.085,5188.12,55.621,96.48,146.89,151.75,484.474,275.06,472.81
2024-10-14,707.23,772.55,4.7383,90.992,922.92,476.12,431.0,541.19,824.21,513.2,113.26,60.657,1354.51,246.94,19092.0,51.935,53.101,5195.93,55.598,96.57,146.89,151.73,484.656,272.92,470.03
2024-10-15,708.3,772.55,4.7319,91.225,925.29,476.4,431.47,541.54,821.51,513.26,112.96,60.661,1342.43,247.8,19163.0,51.857,53.012,5187.33,55.55,96.56,147.19,152.47,483.899,274.05,469.91
2024-10-16,711.91,775.08,4.7705,91.65,930.31,476.2,431.5,543.68,825.32,516.66,112.48,60.527,1360.3,247.94,19167.0,51.581,52.727,5162.07,55.373,96.23,146.34,152.07,480.794,276.67,468.19
2024-10-17,712.2,773.37,4.7599,91.637,925.11,474.5,431.47,542.22,822.65,517.71,112.45,60.366,1364.41,247.82,19158.0,51.575,52.736,5185.79,55.586,96.47,147.56,153.33,479.857,279.56,466.25
2024-10-18,712.74,771.73,4.7443,91.696,927.35,477.26,431.57,542.16,822.78,516.55,112.41,60.467,1362.43,248.02,19239.0,51.534,52.696,5187.35,55.829,96.65,147.99,153.24,479.806,278.19,465.75
2024-10-21,709.82,771.26,4.7465,91.36,926.2,476.32,431.15,541.79,820.6,514.3,112.82,60.61,1342.11,247.99,19280.0,51.744,52.91,5190.41,55.814,96.69,148.26,153.86,481.865,279.92,466.39
2024-10-22,712.23,770.16,4.7261,91.612,924.61,474.05,429.12,540.93,822.75,514.85,112.51,60.53,1357.66,247.33,19362.0,51.571,52.739,5212.23,56.084,96.82,148.3,153.72,480.883,280.32,470.4
2024-10-23,712.45,769.12,4.7148,91.66,924.75,475.99,430.54,541.25,823.14,515.52,112.44,60.762,1345.49,246.15,19356.0,51.556,52.719,5203.0,56.214,96.96,148.03,153.32,480.898,280.12,470.22
2024-10-24,712.86,768.68,4.67,91.755,920.53,472.82,427.9,538.8,822.77,515.14,112.34,61.058,1347.27,249.59,19378.0,51.524,52.68,5244.09,56.551,97.04,148.56,154.11,480.783,278.33,474.13
2024-10-25,710.9,769.39,4.6844,91.496,922.09,471.47,426.98,539.09,820.96,513.14,112.66,61.136,1352.56,248.46,19402.0,51.666,52.836,5237.48,56.466,96.96,148.58,153.88,482.394,278.88,473.75
2024-10-28,713.07,769.9,4.6657,91.733,924.05,471.16,426.55,538.92,820.97,513.22,112.32,60.935,1364.67,247.69,19479.0,51.514,52.673,5244.65,56.427,96.87,148.84,154.07,480.922,279.72,473.32
2024-10-29,712.83,770.73,4.6506,91.729,924.39,468.9,426.26,538.86,823.83,513.09,112.36,61.202,1363.76,248.33,19406.0,51.522,52.685,5244.97,56.428,96.76,149.36,154.14,481.065,281.07,473.95
2024-10-30,713.9,772.48,4.6588,91.877,929.02,468.3,426.23,539.41,823.26,513.15,112.18,61.275,1366.83,247.3,19390.0,51.514,52.603,5244.08,56.151,96.54,148.99,153.48,480.042,280.79,471.79
2024-10-31,712.5,773.68,4.648,91.673,923.2,468.31,425.51,538.84,822.4,512.31,112.42,61.446,1362.42,247.75,19362.0,51.543,52.711,5271.47,56.273,96.41,149.86,153.86,481.139,283.11,473.67
2024-11-01,711.35,774.21,4.68,91.5,917.55,468.08,424.97,538.92,823.74,510.71,112.63,61.44,1368.15,247.47,19332.0,51.634,52.796,5277.62,56.232,96.35,149.66,154.57,482.23,282.0,475.4
2024-11-04,712.03,774.19,4.6748,91.575,922.59,469.45,426.34,538.58,820.42,511.47,112.55,61.494,1375.82,246.91,19338.0,51.581,52.746,5276.77,56.26,96.32,150.13,154.6,482.208,282.35,475.97
2024-11-05,710.16,772.4,4.6657,91.356,920.04,467.66,424.19,538.23,821.89,510.89,112.83,61.6,1388.96,246.55,19360.0,51.713,52.885,5283.04,56.404,96.56,150.96,154.94,483.68,283.08,475.35
2024-11-06,709.93,774.11,4.675,91.324,923.84,470.45,426.08,539.45,821.39,512.86,112.87,61.199,1378.38,245.26,19446.0,51.743,52.921,5274.31,56.247,96.31,150.92,154.5,483.038,284.13,473.5
2024-11-07,716.59,768.62,4.64,92.17,922.9,470.74,425.74,537.46,817.84,513.96,111.81,61.579,1360.93,246.34,19553.0,51.277,52.448,5328.78,56.59,97.0,151.46,154.53,477.391,281.12,479.06
2024-11-08,714.33,770.99,4.6658,91.906,926.97,476.53,429.97,540.83,818.55,515.1,112.13,61.56,1371.1,242.27,19366.0,51.431,52.59,5247.8,55.917,96.71,149.64,152.31,480.938,277.26,476.51
2024-11-11,717.86,769.16,4.6947,92.323,927.03,472.69,428.28,540.82,819.14,516.08,111.62,61.09,1359.65,245.52,19456.0,51.184,52.339,5290.42,56.236,96.95,150.79,153.1,478.688,280.44,477.49
2024-11-12,719.27,766.41,4.681,92.504,925.45,472.82,429.06,539.38,816.75,516.44,111.41,61.32,1333.51,249.27,19471.0,51.073,52.231,5351.94,56.912,97.31,150.78,153.35,477.423,283.14,479.54
2024-11-13,719.91,768.75,4.6841,92.553,922.21,472.53,428.89,540.89,820.73,519.15,111.34,61.312,1358.19,250.13,19457.0,50.742,51.899,5344.19,56.606,97.01,150.61,153.02,474.664,284.35,481.21
2024-11-14,719.66,763.17,4.6527,92.496,918.01,469.29,425.24,537.92,815.53,516.5,111.42,61.651,1362.73,252.33,19431.0,50.817,51.986,5340.86,56.815,97.69,152.04,154.07,475.016,284.16,482.81
2024-11-15,719.92,761.31,4.634,92.499,915.6,466.79,423.23,537.09,812.04,514.51,111.4,62.038,1372.76,252.73,19417.0,50.734,51.869,5326.41,56.659,97.89,152.02,154.09,478.07,282.64,483.87
2024-11-18,719.07,760.29,4.6738,92.371,910.38,466.52,423.42,537.86,811.91,512.69,111.56,61.897,1382.98,252.16,19318.0,50.852,51.969,5357.53,56.788,98.02,152.14,153.62,476.276,281.92,481.51
2024-11-19,719.11,763.86,4.6801,92.392,913.91,469.43,425.29,539.05,816.21,514.96,111.54,61.981,1381.88,249.01,19272.0,50.874,51.997,5308.33,56.323,97.54,151.21,152.46,478.401,279.96,479.48
2024-11-20,719.35,765.17,4.682,92.422,915.89,472.26,427.61,539.95,818.07,518.0,111.49,61.864,1389.02,250.07,19255.0,50.815,51.938,5325.81,56.475,97.37,151.12,151.71,476.81,278.19,477.59
2024-11-21,719.34,761.78,4.6638,92.425,914.14,470.67,425.07,538.06,817.39,517.7,111.51,61.807,1387.34,250.89,19339.0,50.798,51.922,5372.26,56.848,97.88,152.56,152.97,476.659,280.72,478.72
2024-11-22,719.42,756.41,4.6919,92.439,909.25,470.74,423.59,536.46,814.3,517.34,111.48,61.781,1399.13,250.77,19349.0,50.801,51.932,5424.72,57.339,98.56,153.07,153.17,477.171,282.7,479.81
2024-11-25,719.18,756.45,4.6923,92.408,908.68,472.27,423.19,537.65,810.2,518.17,111.52,61.784,1441.07,249.79,19419.0,50.803,51.981,5423.74,57.224,98.59,151.85,152.45,476.334,281.98,476.35
2024-11-26,719.1,756.13,4.6933,92.407,906.08,468.91,421.48,535.9,813.74,516.12,111.52,61.691,1437.11,250.33,19374.0,50.888,52.028,5404.76,56.858,98.61,152.36,153.82,479.179,282.53,479.69
2024-11-27,719.82,757.39,4.7296,92.505,907.82,468.05,421.81,536.34,814.24,514.45,111.43,61.62,1453.65,251.77,19290.0,50.802,51.963,5412.65,56.758,98.42,152.06,154.17,478.889,286.01,479.86
2024-11-28,718.94,761.7,4.7834,92.398,914.11,468.99,426.0,538.09,816.87,514.56,111.53,61.549,1561.13,252.32,19255.0,50.907,52.049,5411.86,56.44,97.99,151.36,153.5,479.483,284.67,477.63
2024-11-29,718.77,760.87,4.777,92.355,914.5,469.08,425.53,537.12,816.2,514.75,111.61,61.62,1491.53,251.39,19312.0,50.953,52.107,5440.93,56.57,98.06,151.52,153.12,479.932,283.71,476.49
2024-12-02,718.65,759.07,4.8134,92.343,914.62,468.56,426.07,537.68,815.8,514.29,111.6,61.67,1471.04,251.2,19344.0,50.962,52.122,5440.38,56.605,98.3,151.79,153.73,481.201,283.31,475.98
2024-12-03,719.96,757.99,4.8384,92.526,913.92,468.06,425.99,537.22,813.83,514.73,111.38,61.693,1465.14,251.44,19391.0,50.84,52.001,5467.69,56.508,98.45,152.15,153.61,480.632,282.88,476.58
2024-12-04,719.34,759.45,4.8428,92.416,915.72,469.19,426.38,537.43,814.45,514.41,111.51,61.789,1444.15,250.86,19559.0,50.782,51.944,5458.7,56.524,98.25,152.2,152.97,480.042,281.41,473.75
2024-12-05,718.79,758.89,4.8039,92.35,916.84,464.68,423.84,537.33,816.09,513.52,111.59,61.528,1445.13,251.93,19514.0,50.857,52.033,5450.3,56.397,98.35,151.28,153.08,480.773,281.53,473.27
2024-12-06,718.48,762.43,4.809,92.32,918.87,464.93,424.74,538.64,819.33,514.18,111.63,61.295,1390.92,250.35,19581.0,50.97,52.13,5411.07,55.913,97.89,150.58,153.21,481.658,280.57,472.63
2024-12-09,718.7,761.98,4.8233,92.373,919.51,462.2,422.11,537.8,820.5,510.3,111.56,61.228,1381.98,249.95,19687.0,50.881,52.041,5434.26,56.009,97.91,151.46,154.45,481.759,279.97,470.45
2024-12-10,718.96,762.16,4.7852,92.508,920.59,465.53,424.46,538.65,821.0,510.25,111.4,61.327,1375.42,246.51,19734.0,50.825,51.984,5401.85,55.84,97.9,151.02,153.95,481.564,280.7,466.62
2024-12-11,718.43,760.04,4.7625,92.392,922.2,460.93,419.78,538.02,817.24,509.63,111.54,61.374,1421.83,246.97,19807.0,50.864,52.036,5397.64,56.024,98.15,151.82,154.34,482.588,279.68,466.34
2024-12-12,718.54,757.89,4.7488,92.416,920.66,460.84,418.89,537.13,816.1,510.35,111.5,61.381,1456.04,245.55,19741.0,50.874,52.052,5409.42,56.34,98.45,151.96,154.35,482.562,279.31,467.69
2024-12-13,718.76,756.75,4.7421,92.442,915.78,460.61,417.81,536.16,809.69,508.74,111.48,61.478,1444.37,246.44,19743.0,50.85,52.023,5413.88,56.54,98.63,152.39,154.52,483.55,280.31,468.5
2024-12-16,718.82,758.74,4.7165,92.444,911.64,460.42,418.05,535.5,808.59,508.18,111.47,61.629,1436.48,247.59,19788.0,50.834,51.989,5394.77,56.173,98.36,151.98,154.36,483.43,278.86,471.22
2024-12-17,718.91,759.7,4.6986,92.48,916.56,461.01,419.34,535.28,806.82,508.03,111.48,61.607,1422.83,247.49,19811.0,50.865,51.96,5382.99,56.028,98.29,150.59,154.26,483.133,279.1,469.87
2024-12-18,718.8,758.3,4.7185,92.518,918.54,458.56,417.31,535.63,808.7,505.59,111.38,61.678,1435.27,250.69,19818.0,50.802,51.956,5398.7,56.3,98.44,151.57,154.87,483.876,279.58,471.75
2024-12-19,719.11,749.98,4.6943,92.526,910.38,450.9,409.1,531.19,802.17,502.12,111.37,62.02,1436.29,253.54,19900.0,50.711,51.861,5515.47,56.957,99.58,153.56,157.09,483.568,282.26,474.64
2024-12-20,719.01,749.84,4.6073,92.545,904.28,451.86,408.76,531.45,803.97,503.46,111.39,62.336,1418.16,254.85,19907.0,50.728,51.888,5533.48,56.783,99.55,152.38,158.01,485.163,281.67,476.01
2024-12-23,718.7,753.15,4.6287,92.468,907.21,452.05,409.51,533.09,807.28,503.27,111.45,62.238,1412.8,253.79,19929.0,50.841,51.981,5491.9,56.507,99.12,152.64,156.74,486.248,278.16,473.29
2024-12-24,718.76,752.35,4.6171,92.506,906.3,452.46,410.04,532.82,803.78,504.0,111.34,62.083,1386.78,256.88,19980.0,50.762,51.915,5485.16,56.697,99.24,152.64,156.94,486.603,279.52,472.02
2024-12-25,718.68,751.78,4.6161,92.532,905.69,451.78,409.96,531.68,801.7,504.21,111.33,62.075,1373.52,258.8,20077.0,50.782,51.914,5463.51,56.617,99.33,153.14,156.89,484.73,279.26,470.54
2024-12-26,718.97,751.57,4.6138,92.572,906.41,451.89,410.1,531.97,802.23,504.32,111.26,61.955,1366.46,259.02,20078.0,50.782,51.911,5469.6,56.661,99.35,153.22,156.93,485.607,279.26,470.83
2024-12-27,718.93,753.37,4.5979,92.564,905.64,450.59,408.22,531.97,803.33,502.42,111.33,61.783,1370.45,261.02,20246.0,50.773,51.908,5452.81,56.589,99.1,152.76,157.58,486.55,280.11,470.26
2024-12-30,718.89,754.07,4.5953,92.584,909.68,451.04,409.41,532.34,801.24,502.67,111.34,61.798,1438.49,258.89,20258.0,50.773,51.887,5453.69,56.639,98.99,152.04,156.88,486.458,281.53,469.13
2024-12-31,718.84,752.57,4.6233,92.604,907.65,450.7,409.55,532.14,799.77,504.98,111.3,61.732,1513.87,260.14,20252.0,50.732,51.856,5464.86,56.827,99.17,152.33,156.58,487.55,285.9,470.28
2025-01-02,718.79,749.1,4.6123,92.489,905.84,449.04,407.08,529.91,796.69,504.42,111.36,61.866,1554.94,260.92,20271.0,50.714,51.854,5487.65,57.119,99.63,152.8,157.21,487.965,288.55,471.32
2025-01-03,718.78,742.69,4.6067,92.427,895.71,449.64,406.46,528.17,792.16,503.02,111.51,61.973,1569.2,259.42,20204.0,50.75,51.88,5567.34,57.611,100.57,154.03,157.3,488.598,285.47,473.04
2025-01-06,718.76,744.43,4.6065,92.406,897.69,450.33,407.73,527.43,793.48,501.59,111.55,62.226,1512.25,259.99,20228.0,50.794,51.931,5575.43,57.329,100.25,153.69,156.92,487.205,285.73,474.55
2025-01-07,718.79,750.35,4.6002,92.453,903.99,451.8,409.66,530.06,796.94,504.95,111.48,62.31,1468.79,257.46,20110.0,50.782,51.916,5544.07,56.65,99.53,152.82,156.26,487.845,281.67,476.55
2025-01-08,718.87,749.05,4.5991,92.453,903.45,452.4,410.4,530.54,795.05,505.28,111.49,62.006,1464.44,258.59,19960.0,50.679,51.8,5544.56,56.883,99.74,153.34,156.47,486.84,281.48,474.62
2025-01-09,718.86,746.94,4.5944,92.404,895.17,450.85,408.06,529.28,793.64,504.9,111.41,62.211,1425.35,261.7,20014.0,50.668,51.786,5545.49,57.243,100.0,153.88,157.42,487.222,282.5,475.6
2025-01-10,718.91,745.27,4.5961,92.389,890.45,449.31,407.22,528.99,792.1,503.59,111.58,62.121,1394.73,261.76,20027.0,50.707,51.826,5550.07,57.203,100.24,154.1,157.46,487.76,283.9,474.54
2025-01-13,718.85,742.22,4.6067,92.308,884.59,446.98,405.26,528.18,789.31,503.76,111.66,62.273,1388.94,263.49,20196.0,50.638,51.746,5566.78,57.499,100.6,154.2,157.82,487.857,285.59,475.89
2025-01-14,718.78,742.06,4.6128,92.346,884.48,448.55,407.05,528.97,788.29,504.65,111.59,62.223,1403.99,263.19,20143.0,50.748,51.858,5558.57,57.515,100.68,155.1,157.61,489.681,285.49,477.13
2025-01-15,718.83,745.31,4.5978,92.314,883.08,448.71,407.33,529.21,791.45,505.01,111.62,62.205,1404.0,261.97,20078.0,50.725,51.833,5528.85,57.219,100.24,154.43,157.23,489.35,284.16,476.79
2025-01-16,718.81,744.42,4.6375,92.326,885.12,451.77,408.87,529.1,791.28,505.56,111.63,62.184,1401.09,260.05,20004.0,50.747,51.846,5523.19,57.196,100.35,154.08,156.47,489.392,283.41,475.24
2025-01-17,718.89,745.62,4.67,92.304,885.57,450.36,407.95,529.33,792.99,503.69,111.64,62.193,1414.08,260.45,20002.0,50.698,51.786,5532.24,57.203,100.18,153.94,156.87,490.035,288.39,474.84
2025-01-20,718.86,742.28,4.6475,92.34,881.09,448.29,405.1,528.97,790.2,501.1,111.59,62.273,1398.88,258.76,20010.0,50.67,51.761,5548.29,57.28,100.89,154.33,158.34,489.933,286.61,473.46
2025-01-21,717.03,750.02,4.655,92.129,888.8,452.38,410.0,532.29,794.86,504.98,111.86,61.883,1384.4,256.99,19874.0,50.888,51.983,5466.6,56.542,99.74,152.91,157.01,492.189,284.43,471.35
2025-01-22,716.96,749.76,4.6408,92.076,888.24,451.76,409.28,532.12,793.62,503.17,111.92,62.002,1371.76,257.19,19829.0,50.971,52.064,5488.67,56.697,99.61,152.59,156.99,494.078,287.1,469.48
2025-01-23,717.08,750.18,4.6238,92.097,887.47,452.78,409.8,531.84,794.32,501.65,111.93,61.59,1363.96,257.12,19847.0,50.913,51.999,5474.76,56.293,99.55,152.61,156.45,493.558,284.77,467.88
2025-01-24,717.05,750.62,4.6337,92.044,890.11,453.62,410.63,531.78,793.15,501.95,111.96,61.616,1371.62,257.15,19824.0,50.928,52.015,5463.11,56.147,99.49,152.63,156.41,494.118,283.15,469.25
2025-01-27,716.98,753.01,4.6311,92.055,895.92,453.07,410.71,533.76,792.37,500.51,111.94,60.897,1353.36,257.69,19815.0,51.052,52.133,5412.52,55.925,99.17,151.99,155.95,494.953,284.32,466.23
2025-02-05,716.93,747.94,4.6784,92.079,900.11,451.67,408.96,533.59,796.04,504.31,111.92,61.45,1382.19,259.28,20061.0,50.889,51.962,5446.47,56.29,99.86,152.15,155.97,498.043,284.96,464.9
2025-02-06,716.91,748.43,4.7237,92.054,899.68,452.93,410.99,533.92,797.31,503.36,111.95,61.418,1349.97,257.97,19984.0,51.014,52.096,5426.03,56.127,99.76,151.48,155.93,498.118,286.33,464.24
2025-02-07,716.99,748.15,4.7709,92.084,895.96,453.44,410.51,533.6,795.33,504.5,111.91,61.478,1329.01,256.11,19980.0,50.932,52.009,5408.58,56.009,99.83,151.19,155.53,498.316,284.31,466.58
2025-02-10,717.07,743.25,4.7761,92.054,893.66,452.58,409.91,532.01,791.92,504.76,111.95,61.641,1330.34,257.12,20006.0,50.835,51.911,5445.92,56.34,100.33,151.73,155.97,496.273,285.27,466.23
2025-02-11,717.16,743.69,4.7702,92.075,892.29,453.68,408.65,532.43,790.98,504.71,111.91,61.855,1322.57,255.89,19990.0,50.825,51.891,5441.39,56.267,100.39,151.26,155.37,497.712,286.32,467.29
2025-02-12,717.1,747.35,4.7385,92.021,897.7,454.89,409.94,533.11,788.56,505.78,111.99,61.943,1321.48,257.03,20006.0,50.881,51.949,5392.52,55.817,99.91,150.45,155.24,498.18,285.31,469.62
2025-02-13,717.19,750.61,4.6921,92.09,898.48,454.3,409.25,533.38,788.78,505.76,111.93,61.944,1286.07,256.93,20018.0,50.84,51.915,5361.3,55.51,99.58,150.61,155.98,499.201,285.08,468.53
2025-02-14,717.06,753.18,4.717,92.091,904.23,455.21,410.44,536.05,795.74,507.84,111.93,61.682,1233.35,257.22,19955.0,51.006,52.082,5337.41,55.336,99.18,149.04,154.84,501.864,283.79,465.39
2025-02-17,717.02,753.94,4.7424,92.11,905.8,457.3,413.06,536.95,799.03,508.21,111.91,61.457,1257.75,255.29,19946.0,50.978,52.056,5325.46,55.187,99.18,148.81,154.76,502.128,282.48,466.7
2025-02-18,716.97,753.31,4.7616,92.135,908.34,457.21,412.81,536.71,798.15,508.03,111.85,61.598,1260.1,256.13,19950.0,50.993,52.069,5322.34,55.109,99.21,148.8,154.57,502.807,282.13,466.36
2025-02-19,717.05,751.78,4.7559,92.209,910.24,457.83,411.85,537.07,796.79,508.86,111.78,61.665,1257.34,255.73,19908.0,50.907,51.98,5324.8,55.094,99.41,148.94,155.1,502.585,281.3,464.89
2025-02-20,717.12,750.24,4.7807,92.21,907.43,457.3,411.87,536.89,796.23,507.2,111.8,61.628,1229.72,257.32,19896.0,50.899,51.973,5357.33,55.611,99.71,148.98,154.85,502.634,284.21,465.69
2025-02-21,716.96,753.88,4.8227,92.21,910.81,460.26,415.11,539.59,799.78,507.81,111.76,61.424,1224.03,255.21,19884.0,51.063,52.141,5326.68,55.113,99.15,147.97,154.63,505.395,282.63,465.05
2025-02-24,717.17,754.75,4.8332,92.306,911.15,459.28,415.37,539.14,801.06,507.34,111.67,61.309,1220.42,255.48,19860.0,50.994,52.065,5344.85,55.137,98.91,147.5,154.19,505.775,283.45,464.19
2025-02-25,717.26,753.22,4.8137,92.245,908.65,457.27,413.7,537.59,801.56,505.27,111.74,61.288,1210.16,255.4,19815.0,50.98,52.052,5325.76,55.013,99.09,148.06,154.46,504.519,284.74,463.81
2025-02-26,717.32,757.13,4.8443,92.298,912.0,457.6,413.76,538.78,805.62,503.72,111.68,61.345,1193.47,256.15,19829.0,51.003,52.075,5295.74,54.66,98.57,147.1,154.22,505.823,284.49,467.45
2025-02-27,717.4,755.56,4.8495,92.302,913.5,455.15,411.82,538.44,805.05,503.08,111.67,61.469,1196.47,255.67,19838.0,50.951,52.028,5285.16,54.764,98.77,147.66,154.77,505.456,283.67,466.71
2025-02-28,717.38,750.45,4.8336,92.26,909.94,451.01,408.06,535.22,801.91,500.79,111.72,61.81,1203.81,256.03,19989.0,50.84,51.919,5339.57,55.513,99.46,148.85,155.62,505.296,284.19,469.46
2025-03-03,717.45,751.39,4.796,92.252,909.52,449.67,406.29,534.4,798.54,500.41,111.73,61.859,1227.84,258.34,20141.0,50.865,51.943,5352.37,55.656,99.34,148.47,155.56,505.438,284.44,471.28
2025-03-04,717.39,755.57,4.8395,92.244,915.33,448.76,406.1,535.25,802.36,498.14,111.71,61.943,1231.2,258.46,20146.0,50.94,52.018,5294.68,55.04,98.82,145.73,155.28,505.105,287.85,469.83
2025-03-05,717.14,764.52,4.8179,92.249,920.58,451.81,408.77,538.02,807.68,500.53,111.71,61.85,1236.4,257.11,20133.0,50.997,52.079,5216.18,54.495,97.66,144.64,154.12,505.589,285.51,466.33
2025-03-06,716.92,775.73,4.8378,92.252,926.36,455.89,412.84,540.08,806.0,501.76,111.71,61.474,1248.4,254.9,20037.0,51.08,52.166,5133.27,53.532,96.22,141.74,151.77,506.32,284.04,465.97
2025-03-07,717.05,776.07,4.8706,92.256,926.65,455.9,413.74,539.7,813.63,503.68,111.7,61.555,1229.04,252.4,20056.0,51.048,52.132,5147.36,53.777,96.18,141.25,151.26,506.89,282.25,467.38
2025-03-10,717.33,780.93,4.8847,92.305,929.94,453.81,411.76,541.13,818.82,500.77,111.65,61.299,1243.03,254.25,20078.0,51.04,52.14,5097.19,53.365,95.55,140.01,150.59,506.721,281.92,467.09
2025-03-11,717.41,781.18,4.9195,92.36,928.01,452.94,411.7,540.3,818.16,500.01,111.58,61.429,1207.96,254.8,20159.0,50.944,52.036,5118.97,53.74,95.55,140.33,149.26,506.952,282.79,468.7
2025-03-12,716.96,784.4,4.8663,92.268,930.4,452.84,411.51,540.26,813.27,498.48,111.69,61.432,1184.99,253.58,20165.0,51.078,52.162,5110.01,53.477,95.13,139.27,148.27,508.63,282.13,467.84
2025-03-13,717.28,783.4,4.8662,92.323,933.16,455.23,413.93,540.1,815.71,501.6,111.62,61.494,1203.49,254.93,20112.0,50.997,52.074,5096.09,53.458,95.25,140.16,147.74,507.71,280.58,468.33
2025-03-14,717.38,781.13,4.8767,92.303,932.49,453.1,411.54,538.8,814.88,499.47,111.65,61.696,1190.05,254.27,20146.0,50.985,52.063,5115.43,53.512,95.55,141.48,148.33,508.935,279.23,466.48
2025-03-17,716.88,781.96,4.843,92.242,929.41,455.11,414.18,539.14,812.51,500.68,111.72,61.807,1183.71,253.42,20151.0,51.085,52.17,5107.95,53.5,95.45,140.97,147.99,509.63,277.48,466.7
2025-03-18,717.33,784.39,4.8194,92.323,932.95,459.0,419.39,540.49,814.82,503.08,111.62,61.842,1156.07,251.88,20047.0,51.098,52.183,5072.84,53.333,95.16,140.38,146.7,509.473,277.91,466.22
2025-03-19,716.97,786.33,4.8189,92.278,934.48,457.6,419.05,540.23,819.47,503.08,111.67,61.786,1132.48,252.21,20125.0,51.078,52.157,5055.28,53.147,94.9,139.73,146.84,510.118,277.11,466.45
2025-03-20,717.54,784.57,4.8498,92.353,935.86,457.7,419.18,540.89,820.09,502.83,111.59,61.569,1162.15,251.96,20245.0,51.029,52.113,5075.38,53.297,95.1,140.3,146.69,526.028,278.84,465.78
2025-03-21,717.6,782.09,4.8504,92.328,934.01,453.81,415.82,539.39,816.69,503.33,111.62,61.454,1169.26,252.25,20316.0,50.972,52.054,5100.31,53.64,95.43,140.52,146.36,526.86,279.97,467.05
2025-03-24,717.8,780.04,4.8247,92.347,930.85,453.33,414.77,539.35,815.07,503.06,111.6,61.367,1165.7,253.0,20283.0,50.962,52.045,5096.75,53.773,95.68,140.46,146.15,526.935,280.98,468.96
2025-03-25,717.88,778.64,4.7886,92.342,931.29,453.7,414.0,538.21,815.82,503.94,111.6,61.583,1157.21,253.47,20300.0,50.918,52.001,5123.11,53.61,95.85,140.12,146.0,525.109,278.39,469.49
2025-03-26,717.54,776.89,4.8129,92.286,932.22,454.69,414.08,538.95,815.27,505.15,111.69,61.512,1166.15,253.83,20249.0,50.962,52.054,5135.32,53.577,96.08,139.28,145.9,526.228,278.56,468.21
2025-03-27,717.63,774.85,4.8045,92.294,928.92,454.23,414.03,537.46,814.99,505.18,111.69,61.475,1161.56,253.75,20279.0,50.896,51.982,5169.6,54.037,96.37,139.59,146.52,526.306,280.83,469.55
2025-03-28,717.52,777.55,4.7821,92.273,932.54,454.15,414.36,537.64,815.96,503.98,111.71,61.484,1162.75,253.19,20260.0,50.963,52.044,5159.99,53.777,96.03,138.74,145.53,525.481,282.09,468.39
2025-03-31,717.82,779.62,4.8355,92.283,931.83,452.7,411.85,536.31,817.37,503.75,111.68,61.658,1169.6,255.99,20326.0,50.949,52.027,5156.37,53.593,95.79,138.87,145.48,526.25,283.38,470.32
2025-04-01,717.75,779.13,4.8085,92.257,930.54,450.16,409.6,536.01,814.17,500.97,111.7,61.706,1146.41,254.44,20378.0,50.972,52.052,5169.65,53.719,95.81,139.34,145.85,526.142,284.59,470.01
2025-04-02,717.93,778.26,4.8224,92.267,931.63,453.73,412.9,536.21,814.91,505.08,111.69,61.676,1163.25,256.39,20346.0,50.924,52.008,5165.5,53.747,95.94,138.82,145.11,525.693,282.36,472.41
2025-04-03,718.89,784.14,4.8767,92.353,939.03,451.85,413.67,534.78,819.15,506.5,111.58,61.947,1162.22,263.28,20255.0,50.99,52.066,5114.52,53.275,95.22,136.79,144.32,526.14,281.49,474.57
2025-04-07,719.8,793.56,4.9942,92.612,934.39,435.55,403.36,537.19,846.07,509.21,111.37,61.467,1158.81,266.22,20214.0,50.763,51.862,5114.88,53.732,94.14,137.93,148.77,524.62,285.57,474.84
2025-04-08,720.38,791.55,4.916,92.701,925.63,437.29,404.08,536.01,842.16,510.19,111.19,61.901,1178.08,270.25,20184.0,50.648,51.765,5152.56,54.297,94.52,138.47,150.71,523.387,286.05,474.53
2025-04-09,720.66,796.2,4.993,92.791,928.32,432.43,401.39,535.89,855.46,509.03,111.08,61.992,1169.06,272.45,20297.0,50.651,51.77,5117.37,53.627,93.96,137.68,150.33,522.383,288.43,477.8
2025-04-10,720.92,794.62,4.9365,92.906,931.27,447.02,411.22,539.79,846.26,514.96,110.94,61.768,1170.88,267.49,19993.0,50.63,51.742,5080.09,53.327,94.18,137.15,147.91,522.312,280.78,469.69
2025-04-11,720.87,813.39,5.0305,92.922,938.97,450.52,416.67,543.53,876.37,518.35,110.93,61.467,1144.73,268.82,20025.0,50.754,51.863,5015.56,52.455,92.03,136.07,148.48,525.283,285.07,467.96
2025-04-14,721.1,822.2,5.0509,92.95,947.23,455.92,424.34,548.37,884.35,522.62,110.86,61.073,1141.4,263.8,19640.0,50.639,51.747,4989.42,52.216,91.02,134.84,146.65,523.43,280.35,461.99
2025-04-15,720.96,820.92,5.0718,92.948,953.94,458.6,427.21,549.92,886.36,521.82,110.9,60.926,1125.5,260.97,19603.0,50.686,51.788,4994.88,52.091,91.02,134.97,145.99,523.778,277.58,461.85
2025-04-16,721.33,817.89,5.0801,92.997,959.85,459.4,428.18,549.89,883.22,520.45,110.84,60.891,1142.24,262.92,19630.0,50.609,51.707,4980.28,52.433,91.55,136.24,147.07,524.0,277.92,459.73
2025-04-17,720.85,824.7,5.1173,92.888,957.63,461.88,431.2,552.29,888.18,523.01,110.97,60.892,1138.43,260.43,19532.0,50.709,51.803,4937.75,51.814,90.65,134.65,145.95,525.918,275.54,455.56
2025-04-18,720.69,823.18,5.0938,92.831,960.23,463.01,433.48,551.88,883.3,523.55,111.04,60.927,1126.69,260.12,19532.0,50.732,51.828,4959.29,51.953,90.79,132.78,144.54,523.568,272.51,458.82
2025-04-21,720.55,828.06,5.122,92.848,962.97,462.67,432.22,553.02,889.22,523.8,111.03,60.85,1124.31,260.39,19562.0,50.757,51.849,4920.74,51.663,90.2,132.1,144.38,526.21,272.68,459.05
2025-04-22,720.74,832.4,5.149,92.871,967.32,464.55,435.17,554.1,893.12,523.27,110.98,60.484,1113.95,259.17,19623.0,50.773,51.847,4891.91,51.265,89.8,131.61,143.44,527.875,272.82,456.93
2025-04-23,721.16,824.96,5.1001,92.95,963.99,463.97,434.92,551.8,878.57,525.5,110.89,60.743,1116.09,256.91,19630.0,50.562,51.635,4958.44,52.01,90.69,132.55,143.6,526.636,270.85,460.6
2025-04-24,720.98,821.24,5.0703,92.915,961.37,462.02,432.83,550.52,872.97,523.1,110.92,60.669,1137.78,257.66,19668.0,50.681,51.745,4975.85,52.167,90.99,133.51,144.96,527.933,271.35,461.22
2025-04-25,720.66,822.41,5.0736,92.883,963.84,463.75,434.57,551.36,872.93,522.8,110.95,60.45,1140.48,259.45,19726.0,50.744,51.82,4936.9,51.945,90.87,132.73,143.83,530.225,271.13,460.31
2025-04-28,720.43,821.25,5.0434,92.877,961.9,462.42,431.76,550.01,873.33,522.39,110.96,60.461,1133.59,258.45,19800.0,50.752,51.828,4942.17,52.0,90.98,133.91,144.17,530.5,270.29,461.92
2025-04-29,720.29,823.7,5.0897,92.853,970.16,464.67,432.25,551.79,878.71,522.97,110.99,60.168,1135.12,256.4,19810.0,50.797,51.881,4904.4,51.772,90.67,132.72,143.17,531.035,271.28,460.7
2025-04-30,720.14,822.5,5.0872,92.813,968.67,461.77,429.96,552.19,876.4,522.98,111.03,59.837,1128.33,256.88,19747.0,50.795,51.875,4911.05,51.867,90.79,133.26,143.49,532.563,270.84,461.39
2025-05-06,720.08,815.35,5.0269,92.903,958.08,466.17,430.34,558.72,876.64,522.02,110.93,58.306,1117.06,253.4,19147.0,50.929,51.998,4945.15,52.316,91.54,134.1,144.1,533.629,273.26,455.71
2025-05-07,720.05,816.5,5.0345,92.891,961.53,468.76,433.58,559.08,871.96,523.27,110.94,58.649,1129.36,252.89,19281.0,51.002,52.071,4948.69,52.33,91.37,132.74,142.51,536.219,272.68,453.13
2025-05-08,720.73,815.96,5.0202,92.87,959.49,464.31,429.31,557.5,876.18,521.97,110.96,58.805,1116.92,253.0,19328.0,50.881,51.961,4955.09,52.313,91.45,133.86,143.43,535.298,271.84,454.92
2025-05-09,720.95,811.18,4.9518,92.764,957.24,462.69,427.17,555.63,869.27,519.59,111.09,59.397,1138.76,252.14,19441.0,50.799,51.875,4999.9,52.46,91.97,134.71,144.28,535.694,270.53,456.04
2025-05-12,720.66,810.74,4.9546,92.639,959.15,463.93,427.99,556.37,865.38,518.64,111.27,59.58,1140.05,252.3,19314.0,50.872,51.952,4978.96,52.188,92.04,134.57,143.6,536.245,269.39,457.14
2025-05-13,719.91,800.17,4.8633,92.374,950.47,459.8,422.7,552.49,853.55,516.23,111.56,59.787,1124.25,253.25,19638.0,50.921,52.002,5064.7,53.009,93.22,136.19,144.86,537.875,272.25,462.89
2025-05-14,719.56,803.58,4.87,92.286,955.33,464.68,426.31,552.25,855.7,515.37,111.67,60.11,1110.94,254.9,19703.0,51.15,52.231,5027.91,52.74,92.87,135.37,144.27,540.003,270.18,462.83
2025-05-15,719.63,805.64,4.9184,92.209,955.42,463.18,425.23,553.87,856.33,515.57,111.76,59.567,1115.1,253.33,19494.0,50.982,52.064,5001.67,52.497,92.62,135.34,144.02,537.973,269.14,462.97
2025-05-16,719.38,805.73,4.9494,92.146,957.85,461.14,423.22,555.42,861.89,515.96,111.83,59.389,1110.6,250.27,19412.0,51.02,52.1,4995.71,52.698,92.59,135.18,144.69,538.8,270.74,460.9
2025-05-19,719.16,805.5,4.9593,91.985,957.76,461.63,424.22,554.73,862.45,516.09,112.04,59.655,1124.12,250.73,19437.0,51.009,52.091,4999.51,53.033,92.6,135.22,144.03,539.634,270.21,461.03
2025-05-20,719.31,808.1,4.9691,91.941,961.13,464.56,426.99,555.83,861.44,515.7,112.08,59.637,1117.87,251.32,19328.0,51.033,52.118,4972.6,52.554,92.32,134.56,143.27,539.41,268.22,459.82
2025-05-21,719.37,812.65,4.9908,91.889,964.36,462.78,427.33,556.38,870.12,517.8,112.15,59.487,1120.73,249.06,19306.0,51.012,52.091,4947.29,52.135,91.8,133.83,142.33,538.69,267.68,456.48
2025-05-22,719.03,814.62,5.0009,91.858,964.74,462.73,426.88,557.84,870.96,518.84,112.18,59.278,1108.53,249.91,19112.0,51.076,52.155,4940.22,52.047,91.58,133.16,141.51,539.513,269.29,454.41
2025-05-23,719.19,812.69,5.0067,91.86,966.61,461.92,425.21,557.29,869.35,519.83,112.19,59.333,1106.36,250.26,19183.0,51.008,52.079,4961.76,52.303,91.81,133.82,141.55,541.89,268.47,456.0
2025-05-26,718.33,816.76,5.0252,91.689,971.39,466.61,429.97,558.96,872.86,522.62,112.36,58.91,1107.3,248.23,19040.0,51.209,52.263,4944.89,52.005,91.36,132.54,140.81,543.39,267.71,453.7
2025-05-27,718.76,818.49,5.0349,91.723,974.72,465.88,430.85,559.74,875.77,523.17,112.38,58.67,1112.46,248.26,19054.0,51.123,52.198,4927.9,51.856,91.12,132.39,140.5,542.733,267.83,453.54
2025-05-28,718.94,815.58,4.9915,91.72,972.48,464.02,428.16,558.44,870.07,521.07,112.35,58.881,1115.4,249.54,19102.0,51.042,52.122,4950.33,52.073,91.41,133.64,141.06,542.706,267.86,454.55
2025-05-29,719.07,810.27,4.9497,91.762,967.97,463.09,429.65,557.27,866.53,520.16,112.3,58.846,1110.21,249.26,19136.0,51.036,52.111,4977.37,52.286,92.01,134.33,141.55,543.383,269.3,455.22
2025-05-30,718.48,816.2,4.9861,91.642,968.44,462.24,428.66,557.83,872.43,519.59,112.45,59.05,1074.37,247.89,19106.0,51.226,52.307,4946.59,51.957,91.43,133.18,141.12,546.923,269.1,453.59
2025-06-03,718.69,821.69,5.0352,91.617,972.5,465.92,433.42,558.6,878.89,523.19,112.48,59.179,1101.63,248.77,19169.0,51.177,52.272,4906.4,51.789,90.78,132.65,140.26,545.586,267.58,453.02
2025-06-04,718.86,818.53,4.9977,91.635,973.24,465.13,432.03,557.88,873.92,524.61,112.4,59.019,1098.96,248.28,19160.0,51.03,52.114,4929.82,52.176,91.09,133.67,140.87,543.871,267.48,453.72
2025-06-05,718.65,820.45,5.0352,91.605,973.23,466.14,432.9,558.39,877.93,524.91,112.5,59.078,1104.43,248.22,18981.0,51.177,52.24,4915.83,52.138,90.94,133.43,140.77,546.961,267.35,453.96
2025-06-06,718.45,821.74,5.0019,91.572,974.3,466.94,433.43,558.08,875.63,524.86,112.48,58.879,1073.59,246.82,18897.0,51.184,52.269,4907.39,52.08,90.8,133.37,140.32,547.475,266.86,454.27
2025-06-09,718.55,819.75,4.9693,91.566,973.1,467.33,433.09,557.67,875.38,524.98,112.55,58.934,1097.58,247.32,18913.0,51.105,52.177,4919.63,52.283,90.98,133.72,140.46,545.883,265.77,455.42
2025-06-10,718.4,820.8,4.9711,91.537,973.82,468.25,434.88,558.88,874.74,524.58,112.58,58.914,1099.21,246.66,18861.0,51.123,52.201,4893.07,52.006,90.87,133.4,140.01,547.23,265.08,454.55
2025-06-11,718.15,820.82,4.9553,91.502,969.74,468.75,434.89,558.39,873.27,525.48,112.62,58.995,1092.36,246.48,18991.0,51.136,52.224,4884.71,51.849,90.87,133.57,140.72,545.711,265.39,454.47
2025-06-12,718.03,825.78,4.9763,91.481,973.36,466.75,432.76,558.95,876.4,524.97,112.65,58.935,1106.17,246.71,19062.0,51.179,52.268,4842.15,51.473,90.34,133.0,139.98,545.802,263.29,453.64
2025-06-13,717.72,830.83,5.0028,91.444,976.19,467.8,434.41,560.9,885.6,527.15,112.72,58.87,1114.4,247.85,18977.0,51.219,52.319,4827.65,51.31,89.72,131.65,138.46,549.299,263.4,451.73
2025-06-16,717.89,828.7,4.9732,91.457,973.64,466.29,432.43,560.08,885.02,528.85,112.7,59.122,1113.41,249.97,19001.0,51.124,52.236,4860.89,51.506,89.98,132.21,138.03,548.786,263.86,451.71
2025-06-17,717.46,829.32,4.9612,91.402,974.23,467.82,434.81,560.53,882.21,529.02,112.69,59.09,1095.02,248.0,18933.0,51.179,52.263,4850.64,51.49,89.92,132.17,138.03,548.503,263.51,452.04
2025-06-18,717.61,825.58,4.9456,91.417,965.8,465.94,433.16,558.87,880.43,525.68,112.84,59.084,1093.01,250.5,19150.0,51.085,52.164,4892.82,51.79,90.32,132.79,138.15,549.653,264.64,453.05
2025-06-19,717.29,823.95,4.9547,91.378,963.15,467.17,432.99,558.89,876.95,524.38,112.89,59.154,1091.33,251.01,19146.0,51.129,52.248,4890.0,51.843,90.51,134.26,138.92,550.238,264.93,454.68
2025-06-20,716.95,826.03,4.9402,91.333,967.01,465.29,430.54,558.35,878.87,523.92,112.94,59.306,1091.05,251.54,19146.0,51.178,52.297,4881.34,51.737,90.31,134.1,139.77,552.38,265.3,455.96
2025-06-23,717.1,825.09,4.9113,91.352,964.33,462.76,428.27,557.27,877.82,522.5,112.87,59.285,1092.91,251.8,19166.0,51.142,52.263,4880.76,51.773,90.37,134.98,140.68,553.105,267.93,456.98
2025-06-24,716.56,831.06,4.9137,91.283,970.18,464.26,429.38,558.77,881.74,521.94,113.01,59.761,1094.42,248.76,19133.0,51.273,52.385,4848.04,51.439,89.75,133.65,140.57,553.943,266.36,457.52
2025-06-25,716.68,832.24,4.9481,91.298,975.45,465.1,430.73,560.09,890.14,522.06,112.99,59.162,1091.72,247.53,18960.0,51.255,52.356,4820.46,51.085,89.63,132.87,141.18,552.385,265.05,455.44
2025-06-26,716.2,836.06,4.9388,91.254,979.57,466.69,433.1,560.55,890.48,521.98,112.97,59.116,1092.15,247.48,18971.0,51.291,52.38,4792.92,50.811,89.25,132.25,141.31,555.263,264.2,454.27
2025-06-27,716.27,837.68,4.9582,91.25,983.45,469.21,434.45,562.01,894.47,525.19,112.88,58.995,1097.86,249.25,18924.0,51.264,52.355,4771.73,50.617,89.07,132.66,140.75,555.784,263.55,453.49
2025-06-30,715.86,840.24,4.9594,91.195,983.0,468.17,434.75,561.79,897.21,523.58,113.03,58.996,1095.58,248.07,19000.0,51.259,52.343,4747.61,50.438,88.79,132.13,140.53,556.613,262.55,455.2
2025-07-01,715.34,843.05,4.9738,91.126,981.97,470.36,435.68,562.87,901.81,525.57,113.11,58.727,1093.42,247.73,18894.0,51.372,52.445,4737.08,50.327,88.51,132.26,140.94,556.897,262.2,453.41
2025-07-02,715.46,844.51,4.9905,91.146,983.6,470.97,436.74,562.3,904.94,524.5,113.09,58.652,1095.83,246.02,18962.0,51.324,52.407,4727.15,50.287,88.34,132.44,140.72,556.523,261.89,453.17
2025-07-03,715.23,844.63,4.9861,91.114,976.96,471.19,435.91,562.29,904.08,526.84,113.13,59.029,1102.3,245.35,18936.0,51.313,52.394,4737.93,50.477,88.34,132.94,140.58,557.531,262.44,451.87
2025-07-04,715.35,842.28,4.9468,91.15,978.36,471.03,435.38,561.8,901.42,527.51,113.09,59.029,1102.92,244.52,19061.0,51.284,52.362,4732.76,50.343,88.55,133.64,140.3,556.02,260.46,452.65
2025-07-07,715.06,842.92,4.9545,91.092,976.88,468.63,433.04,561.67,901.1,526.1,113.12,58.924,1099.17,245.79,19051.0,51.319,52.4,4724.62,50.3,88.49,133.55,140.59,557.759,260.02,452.27
2025-07-08,715.34,841.1,4.9114,91.128,976.54,466.37,430.91,560.29,899.24,524.62,113.08,59.163,1096.54,249.15,19146.0,51.243,52.322,4755.49,50.525,88.64,132.67,140.96,557.923,260.38,454.79
2025-07-09,715.41,839.66,4.8826,91.136,973.27,467.75,429.77,559.58,899.68,524.18,113.07,59.23,1093.24,248.22,19144.0,51.257,52.346,4763.61,50.527,88.78,132.95,140.79,558.703,259.91,454.46
2025-07-10,715.1,840.1,4.9046,91.096,973.51,468.21,429.98,559.54,902.85,523.28,113.15,59.27,1088.74,248.67,19140.0,51.28,52.372,4754.14,50.478,88.76,132.68,140.76,558.945,260.1,455.22
2025-07-11,714.75,836.97,4.8981,91.054,971.42,471.56,432.25,559.33,898.59,523.91,113.2,59.359,1083.24,247.79,19166.0,51.31,52.399,4759.49,50.734,89.07,132.8,140.83,560.773,259.96,455.16
2025-07-14,714.91,836.1,4.8659,91.072,966.65,471.27,430.47,559.28,899.19,523.49,113.18,59.388,1087.31,250.5,19207.0,51.285,52.358,4784.01,51.008,89.14,133.61,141.44,561.22,260.84,452.22
2025-07-15,714.98,835.34,4.8468,91.081,962.12,468.79,428.08,558.38,897.68,522.64,113.14,59.41,1088.46,250.06,19298.0,51.284,52.367,4787.01,50.951,89.28,134.2,141.36,561.593,261.91,452.87
2025-07-16,715.26,831.57,4.8134,91.121,959.48,467.33,427.21,557.57,893.73,522.42,113.09,59.275,1086.57,249.87,19331.0,51.253,52.323,4815.18,51.277,89.62,135.47,142.86,561.425,262.64,453.46
2025-07-17,714.61,832.07,4.8406,91.035,959.53,466.58,425.25,558.02,893.14,522.74,113.2,59.314,1090.57,249.24,19383.0,51.323,52.406,4797.56,51.079,89.71,135.9,143.3,562.195,261.64,453.32
2025-07-18,714.98,831.51,4.8262,91.092,961.49,465.27,425.82,556.92,891.75,521.04,113.13,59.327,1088.17,248.98,19415.0,51.312,52.403,4799.14,51.2,89.77,135.92,143.63,563.285,262.17,453.34
2025-07-21,715.22,832.28,4.8255,91.125,960.22,465.95,425.94,557.17,893.1,521.52,113.11,59.231,1096.49,247.5,19402.0,51.296,52.388,4793.07,51.003,89.7,134.81,142.07,563.765,261.59,452.2
2025-07-22,714.6,836.01,4.8514,91.034,964.49,466.54,426.8,558.68,895.8,522.82,113.23,59.165,1091.24,246.3,19325.0,51.343,52.447,4771.6,50.74,89.29,133.88,142.04,564.555,261.08,450.21
2025-07-23,714.14,839.2,4.8732,90.975,966.62,468.44,429.23,559.24,901.05,525.56,113.31,59.142,1096.33,245.73,19289.0,51.37,52.473,4753.09,50.652,88.96,133.12,140.89,564.623,260.82,449.72
2025-07-24,713.85,840.77,4.8831,90.941,970.03,471.52,432.04,559.79,901.83,525.08,113.34,59.143,1096.56,245.2,19231.0,51.419,52.528,4737.83,50.523,88.77,133.1,141.43,565.959,259.55,449.88
2025-07-25,714.19,840.01,4.8621,90.983,965.65,471.58,431.77,559.49,899.06,524.07,113.29,58.97,1111.95,246.58,19201.0,51.364,52.467,4728.97,50.66,88.84,133.3,141.56,566.898,259.5,451.12
2025-07-28,714.67,840.99,4.8401,91.051,961.61,470.34,431.03,558.5,899.45,522.3,113.18,59.01,1108.12,248.15,19308.0,51.34,52.439,4710.93,50.503,88.74,132.83,141.65,566.626,259.07,452.75
2025-07-29,715.11,830.63,4.8225,91.102,957.66,467.86,428.62,556.83,892.21,522.09,113.11,59.066,1135.31,249.86,19394.0,51.216,52.31,4785.63,51.34,89.84,134.03,142.1,565.645,262.08,452.66
2025-07-30,714.41,827.03,4.8238,91.01,956.02,466.38,426.69,555.98,888.69,519.83,113.23,59.129,1130.92,249.84,19355.0,51.289,52.379,4833.58,51.739,90.26,134.75,142.49,566.433,261.98,451.99
2025-07-31,714.94,819.2,4.8007,91.079,950.13,462.38,424.24,553.06,880.99,518.63,113.14,59.185,1126.41,251.06,19379.0,51.204,52.299,4886.16,52.153,91.12,136.35,143.69,565.695,263.15,454.97
2025-08-01,714.96,818.85,4.7574,91.079,947.01,461.21,422.87,552.48,881.34,517.57,113.14,59.501,1126.11,254.19,19413.0,51.199,52.294,4883.39,52.207,91.18,136.49,144.02,566.718,263.34,455.59
2025-08-04,713.95,826.95,4.8576,90.952,949.19,462.2,422.5,554.75,888.52,518.9,113.3,59.631,1110.5,252.14,19385.0,51.369,52.452,4801.19,51.515,90.23,135.0,143.48,568.538,263.93,453.66
2025-08-05,713.66,827.5,4.8709,90.916,950.21,462.54,422.92,555.53,885.04,518.97,113.35,59.236,1112.7,250.94,19345.0,51.39,52.489,4820.2,51.643,90.2,134.97,143.52,568.715,264.34,451.35
2025-08-06,714.09,827.68,4.849,90.968,951.25,463.13,423.18,555.44,885.58,519.36,113.28,59.06,1113.88,250.51,19367.0,51.342,52.452,4810.34,51.716,90.17,135.24,143.39,568.341,262.18,451.41
2025-08-07,713.45,832.91,4.8589,90.895,954.6,464.55,423.94,556.1,886.3,520.15,113.39,59.113,1114.82,248.8,19353.0,51.378,52.48,4775.09,51.277,89.65,134.38,142.56,568.485,260.26,451.81
2025-08-08,713.82,833.81,4.8701,90.937,961.06,466.11,426.35,557.17,886.35,520.29,113.32,59.142,1104.64,247.89,19341.0,51.389,52.487,4754.97,50.979,89.59,133.63,142.92,568.45,260.39,450.85
2025-08-11,714.05,833.49,4.8495,90.964,962.34,466.67,426.36,556.78,886.04,520.51,113.29,59.322,1113.62,247.79,19369.0,51.3,52.421,4743.4,50.928,89.55,133.78,143.48,568.945,259.86,451.33
2025-08-12,714.18,831.42,4.8341,90.98,961.76,466.64,425.92,556.21,881.29,519.79,113.29,59.164,1107.25,248.18,19392.0,51.289,52.403,4758.82,51.2,89.78,134.55,142.74,568.343,261.03,452.1
2025-08-13,713.5,834.64,4.8406,90.897,965.21,466.71,425.99,557.24,886.19,519.14,113.37,59.062,1107.34,246.03,19331.0,51.36,52.476,4736.95,50.964,89.44,133.51,142.92,569.571,260.05,452.11
2025-08-14,713.37,836.47,4.8602,90.887,970.74,467.88,427.57,558.09,887.36,519.58,113.39,58.853,1108.07,244.94,19273.0,51.393,52.493,4720.4,50.79,89.27,133.52,142.59,569.985,260.83,450.9
2025-08-15,713.71,832.97,4.8423,91.054,968.31,464.81,423.69,556.94,885.86,518.18,113.17,58.894,1110.47,246.03,19389.0,51.31,52.413,4743.57,51.135,89.68,133.96,142.9,570.47,263.03,452.54
2025-08-18,713.22,836.86,4.8563,91.108,969.22,465.65,424.48,557.51,885.75,517.6,113.1,58.851,1116.04,246.27,19387.0,51.358,52.467,4717.6,50.847,89.2,133.56,142.37,571.353,261.99,453.25
2025-08-19,713.59,834.27,4.8391,91.247,966.2,464.62,424.26,556.92,885.61,518.35,112.94,59.042,1119.5,246.58,19379.0,51.322,52.433,4732.69,50.922,89.47,133.6,142.49,571.028,262.73,453.51
2025-08-20,713.84,832.43,4.8473,91.477,965.09,461.45,421.88,556.72,885.22,516.15,112.65,59.047,1123.61,247.56,19433.0,51.298,52.419,4726.49,50.958,89.76,134.25,143.87,570.82,263.25,454.26
2025-08-21,712.87,832.87,4.8535,91.254,962.37,460.04,416.86,556.38,888.84,515.47,112.93,59.088,1122.29,247.43,19505.0,51.341,52.463,4734.96,50.977,89.63,134.09,143.15,571.813,262.64,454.55
2025-08-22,713.21,829.8,4.8231,91.285,959.67,459.11,416.09,554.93,883.98,514.45,112.88,59.109,1121.97,247.86,19532.0,51.332,52.451,4769.55,51.23,90.06,134.53,142.41,573.02,262.32,455.45
2025-08-25,711.61,834.46,4.848,91.066,963.38,462.43,418.31,556.45,888.54,515.81,113.17,59.027,1125.8,244.48,19361.0,51.473,52.592,4733.0,50.979,89.47,133.31,141.24,573.485,260.7,454.12
2025-08-26,711.88,829.8,4.8344,91.164,960.81,462.66,417.81,555.19,885.9,515.26,113.04,58.959,1128.7,246.94,19450.0,51.442,52.552,4786.59,51.323,90.0,134.3,141.85,574.058,261.95,454.14
2025-08-27,711.08,829.24,4.839,91.299,960.82,462.78,417.59,554.64,886.67,515.35,112.87,59.117,1125.27,247.4,19532.0,51.505,52.614,4771.29,51.3,90.08,134.15,142.11,575.268,261.85,454.33
2025-08-28,710.63,829.15,4.8394,91.267,961.55,463.74,417.69,554.21,888.03,516.82,112.92,59.34,1124.08,248.56,19514.0,51.552,52.671,4778.75,51.443,90.05,133.77,141.45,576.061,262.02,454.33
2025-08-29,710.3,830.08,4.8428,91.157,960.43,464.32,418.47,554.53,886.63,517.21,113.05,59.199,1130.72,248.78,19475.0,51.646,52.763,4774.77,51.323,89.94,133.36,141.57,578.333,262.35,453.59
2025-09-01,710.72,831.29,4.834,91.174,960.61,465.42,419.63,554.1,887.82,517.74,113.04,59.319,1123.18,248.17,19531.0,51.622,52.745,4769.15,51.259,89.81,132.96,141.46,578.058,262.47,453.91
2025-09-02,710.89,832.76,4.8388,91.183,963.58,466.08,420.01,554.22,888.51,517.44,113.01,59.305,1130.49,247.65,19567.0,51.614,52.731,4739.73,51.123,89.67,132.01,140.5,577.943,262.18,453.41
2025-09-03,711.08,828.55,4.8005,91.086,954.05,464.33,417.67,552.65,885.14,517.06,113.13,59.398,1128.79,248.43,19580.0,51.523,52.642,4772.84,51.451,90.16,132.84,140.88,577.585,263.08,453.27
2025-09-04,710.52,829.7,4.8112,91.115,956.54,465.84,418.89,552.64,884.91,515.95,113.1,59.31,1134.31,248.26,19507.0,51.584,52.703,4739.89,51.233,89.97,132.43,141.01,577.788,262.86,452.8
2025-09-05,710.64,829.53,4.7992,91.103,956.89,464.26,416.81,552.25,883.8,515.28,113.11,59.356,1139.02,249.54,19545.0,51.572,52.691,4736.41,51.24,90.0,132.86,141.58,579.156,263.26,452.96
2025-09-08,710.29,832.65,4.7936,91.094,959.28,465.95,418.88,553.09,889.61,513.9,113.16,59.365,1143.04,247.77,19506.0,51.647,52.756,4714.26,51.047,89.67,131.98,140.93,579.838,263.1,450.79
2025-09-09,710.08,836.11,4.828,91.121,962.98,468.88,422.8,554.21,895.74,514.78,113.12,59.232,1159.67,246.08,19482.0,51.685,52.781,4699.21,50.793,89.29,131.62,140.44,580.497,262.51,445.7
2025-09-10,710.62,832.1,4.8274,91.226,961.93,468.59,421.81,554.48,892.14,513.92,112.97,59.22,1175.39,246.81,19505.0,51.606,52.715,4722.19,51.073,89.75,131.95,140.44,579.65,261.92,445.85
2025-09-11,710.34,831.58,4.8262,91.189,962.17,470.58,422.49,554.52,889.98,512.93,113.01,59.328,1192.36,246.1,19523.0,51.667,52.775,4725.57,51.228,89.76,131.44,139.66,580.6,261.64,446.4
2025-09-12,710.19,833.26,4.8263,91.193,964.15,473.2,424.45,554.17,892.38,513.41,112.95,59.351,1191.89,244.46,19554.0,51.715,52.82,4696.33,51.047,89.58,131.11,138.8,582.043,260.07,446.41
2025-09-15,710.56,833.27,4.8147,91.331,963.51,472.58,423.32,554.12,892.27,513.66,112.83,59.103,1175.1,244.43,19585.0,51.669,52.771,4683.57,51.044,89.56,131.19,138.76,581.309,259.63,446.27
2025-09-16,710.27,835.71,4.8211,91.3,966.43,473.96,424.04,555.08,894.11,515.81,112.89,59.097,1164.97,244.34,19482.0,51.681,52.782,4657.79,50.803,89.32,130.56,138.29,581.145,258.38,447.4
2025-09-17,710.13,842.49,4.851,91.278,969.24,474.7,425.21,556.6,903.27,516.71,112.9,59.083,1170.61,244.25,19423.0,51.736,52.838,4620.49,50.417,88.58,129.96,137.49,581.73,257.65,445.83
2025-09-18,710.85,840.25,4.8396,91.419,968.99,472.92,421.72,556.11,901.61,516.19,112.75,59.009,1179.52,244.63,19438.0,51.668,52.778,4639.7,50.637,88.83,130.67,138.01,581.058,257.74,447.21
2025-09-19,711.28,838.34,4.8076,91.457,964.13,470.59,418.8,554.75,897.87,515.74,112.68,59.029,1170.15,244.0,19532.0,51.629,52.718,4642.2,50.809,89.01,131.4,138.85,581.809,258.31,448.36
2025-09-22,711.06,835.16,4.806,91.499,958.41,469.11,416.58,553.7,893.7,516.26,112.62,59.122,1173.01,243.58,19635.0,51.619,52.709,4674.96,51.081,89.37,132.33,139.52,581.88,258.92,447.71
2025-09-23,710.57,838.77,4.8108,91.451,960.4,468.91,416.96,554.5,896.9,514.0,112.68,59.106,1176.21,244.04,19575.0,51.684,52.779,4639.17,50.747,89.0,131.65,139.56,582.522,258.34,447.08
2025-09-24,710.77,839.39,4.8147,91.429,961.06,468.94,416.3,553.87,897.91,513.63,112.71,59.046,1175.67,242.67,19605.0,51.675,52.772,4644.25,50.718,88.91,131.35,139.08,582.693,258.18,448.27
2025-09-25,711.18,836.14,4.7885,91.434,958.17,469.24,414.61,552.71,896.32,512.61,112.7,59.169,1174.44,243.43,19697.0,51.568,52.662,4682.53,51.057,89.23,131.93,139.55,582.451,258.81,450.2
2025-09-26,711.52,831.17,4.7524,91.43,950.62,465.99,411.17,550.52,890.85,511.28,112.7,59.209,1177.21,244.57,19779.0,51.519,52.614,4716.43,51.407,89.82,132.77,140.76,583.128,259.57,451.9
2025-09-29,710.89,833.16,4.7649,91.368,954.11,466.16,411.19,551.08,892.25,510.53,112.79,59.225,1170.59,243.97,19767.0,51.609,52.703,4695.19,51.203,89.59,132.23,140.1,584.03,258.01,452.65
2025-09-30,710.55,833.51,4.7858,91.298,955.14,467.61,410.87,551.31,891.32,510.94,112.87,59.246,1166.02,242.91,19692.0,51.652,52.747,4687.58,51.17,89.55,132.52,140.51,584.673,258.22,453.04
2025-10-09,711.02,828.25,4.6648,91.377,954.77,469.27,412.45,549.72,888.87,510.67,112.77,59.165,1142.19,240.79,19849.0,51.559,52.66,4724.64,51.373,90.18,132.36,140.08,585.725,257.56,456.66
2025-10-10,710.48,823.38,4.6534,91.296,947.31,467.21,409.5,548.09,883.33,508.05,112.88,59.247,1139.27,241.56,19882.0,51.559,52.658,4750.68,51.707,90.68,133.86,141.35,587.238,258.31,459.87
2025-10-13,710.07,825.24,4.6845,91.251,948.74,462.27,407.58,548.37,886.55,508.1,112.94,59.306,1147.34,244.84,20047.0,51.633,52.734,4748.77,51.65,90.48,133.68,142.05,587.718,260.32,458.51
2025-10-14,710.21,822.57,4.6725,91.305,948.41,463.71,407.46,547.84,884.16,506.81,112.86,59.426,1136.93,243.55,20026.0,51.616,52.705,4760.81,51.785,90.77,133.61,141.77,587.363,259.58,457.48
2025-10-15,709.95,824.98,4.6871,91.336,947.26,461.66,406.44,547.72,887.05,506.4,112.83,59.452,1119.9,244.61,20056.0,51.644,52.734,4746.78,51.633,90.54,134.11,142.81,587.535,260.29,458.38
2025-10-16,709.68,827.55,4.7077,91.295,952.1,462.15,406.44,548.54,891.63,505.81,112.88,59.517,1104.13,244.3,19970.0,51.694,52.789,4718.3,51.38,90.26,133.3,142.06,588.715,259.95,456.99
2025-10-17,709.49,830.74,4.7324,91.319,954.61,460.39,406.9,549.34,896.43,505.57,112.85,59.449,1124.77,244.18,19935.0,51.703,52.795,4690.4,51.116,89.91,132.59,141.64,589.27,259.56,457.16
2025-10-20,709.73,828.96,4.7157,91.362,954.97,462.37,407.92,548.91,896.05,507.58,112.79,59.432,1139.49,244.48,19979.0,51.642,52.728,4697.19,51.2,90.1,132.54,141.46,589.539,258.58,460.42
2025-10-21,709.3,827.34,4.7163,91.296,952.41,463.09,408.51,549.34,896.59,506.33,112.88,59.411,1136.01,242.41,19970.0,51.683,52.779,4699.88,51.18,90.28,132.53,141.39,590.014,259.07,457.61
2025-10-22,709.54,824.5,4.6816,91.303,950.46,461.63,408.56,547.48,892.49,507.21,112.87,59.484,1142.78,244.77,20113.0,51.659,52.751,4720.03,51.403,90.57,132.58,141.49,590.415,259.54,461.44
2025-10-23,709.18,824.34,4.6766,91.251,948.51,460.98,407.81,547.49,892.02,507.78,112.93,59.514,1143.79,245.3,20132.0,51.691,52.787,4718.23,51.347,90.62,132.49,141.08,590.675,259.67,461.16
2025-10-24,709.28,824.86,4.6595,91.266,946.72,462.66,408.97,547.1,892.96,507.77,112.92,59.477,1142.31,244.06,20189.0,51.706,52.794,4727.95,51.263,90.55,132.06,140.34,590.915,259.09,461.24
2025-10-27,708.81,825.46,4.6382,91.246,945.63,463.86,409.2,547.0,891.41,507.39,112.94,59.448,1121.83,242.38,20214.0,51.734,52.826,4722.63,51.384,90.5,132.2,140.8,591.551,259.43,459.92
2025-10-28,708.56,826.22,4.6459,91.228,946.11,465.1,409.92,547.3,892.32,507.08,112.96,59.313,1115.76,242.89,20177.0,51.796,52.88,4701.75,51.22,90.39,132.21,140.75,591.5,259.38,459.72
2025-10-29,708.43,825.82,4.6613,91.2,940.71,466.63,409.86,547.99,893.42,508.36,112.99,59.143,1116.71,242.01,20192.0,51.817,52.909,4699.03,51.219,90.42,132.26,140.8,591.825,260.07,456.14
2025-10-30,708.64,823.34,4.6492,91.195,936.47,466.59,409.38,546.98,886.87,508.88,113.01,59.077,1126.48,242.19,20058.0,51.762,52.855,4721.42,51.513,90.71,132.57,141.14,591.801,260.54,456.13
2025-10-31,708.8,821.38,4.6103,91.227,934.14,465.61,407.89,546.15,885.61,507.9,112.97,59.115,1126.44,243.51,20120.0,51.713,52.798,4729.58,51.657,90.92,132.9,141.53,591.659,261.12,454.84
2025-11-03,708.67,818.45,4.6083,91.175,932.64,464.86,406.6,545.45,882.14,506.55,113.02,59.051,1131.29,244.0,20127.0,51.719,52.812,4738.82,51.967,91.23,133.69,142.52,592.145,261.54,456.14
2025-11-04,708.85,817.59,4.6072,91.181,932.77,464.36,405.31,544.17,878.48,505.26,113.02,59.148,1137.06,243.97,20152.0,51.707,52.803,4735.59,52.011,91.31,133.53,142.53,592.073,260.57,456.95
2025-11-05,709.01,815.86,4.6254,91.197,925.54,461.16,401.54,543.3,876.93,504.07,113.0,59.116,1136.04,246.53,20298.0,51.662,52.756,4756.68,52.207,91.5,134.84,143.83,591.93,263.28,457.65
2025-11-06,708.65,816.21,4.6126,91.151,926.74,462.01,402.47,543.58,876.45,503.44,113.05,58.983,1141.9,245.31,20266.0,51.705,52.805,4737.29,52.102,91.48,134.54,143.79,592.51,261.98,456.91
2025-11-07,708.36,818.92,4.6412,91.113,931.87,459.92,400.23,543.91,879.46,502.57,113.1,58.923,1141.55,245.01,20398.0,51.77,52.863,4711.86,51.877,91.2,134.91,143.74,594.368,261.9,455.94
2025-11-10,708.56,819.42,4.6151,91.113,932.87,461.37,399.66,544.76,879.27,505.41,113.11,58.795,1136.82,244.12,20487.0,51.747,52.834,4694.06,51.727,91.14,134.42,143.25,594.806,260.0,455.73
2025-11-11,708.66,819.86,4.6064,91.16,934.65,463.71,401.01,544.68,880.91,506.07,113.07,58.597,1142.09,241.87,20522.0,51.741,52.839,4675.18,51.613,91.09,134.08,142.73,594.738,259.08,455.11
2025-11-12,708.33,821.52,4.6035,91.139,932.73,463.21,401.39,545.28,885.9,506.24,113.1,58.208,1138.02,241.93,20574.0,51.763,52.856,4683.7,51.48,90.89,133.25,141.68,595.136,258.35,455.9
2025-11-13,708.65,822.23,4.5878,91.195,931.66,464.12,401.94,545.12,889.27,506.59,113.03,58.233,1142.32,240.93,20679.0,51.749,52.841,4673.85,51.456,90.82,133.1,142.04,595.117,258.04,455.51
2025-11-14,708.25,824.03,4.5846,91.139,931.66,462.73,400.82,544.83,893.13,504.92,113.09,58.215,1136.89,240.55,20667.0,51.809,52.902,4660.04,51.317,90.61,132.69,141.41,596.305,258.43,456.08
2025-11-17,708.16,822.96,4.5859,91.117,932.74,462.92,402.4,545.77,892.37,505.33,113.1,58.262,1139.09,241.14,20495.0,51.826,52.915,4668.01,51.322,90.72,133.33,142.32,597.1,258.43,457.31
2025-11-18,708.56,822.23,4.571,91.145,933.48,460.89,401.63,544.49,891.29,505.1,113.06,58.428,1143.33,242.17,20603.0,51.749,52.843,4675.52,51.497,90.82,133.54,142.39,596.235,259.95,457.07
2025-11-19,708.72,821.64,4.5635,91.023,932.95,461.81,401.61,545.13,886.85,507.43,113.22,58.585,1139.83,242.29,20587.0,51.753,52.842,4672.3,51.584,90.9,133.48,142.46,596.352,258.58,455.89
2025-11-20,709.05,819.18,4.5207,91.064,927.42,460.8,398.93,543.59,881.68,505.75,113.16,58.523,1132.41,242.21,20641.0,51.712,52.801,4663.0,51.638,91.16,134.4,143.22,596.149,258.44,456.55
2025-11-21,708.75,818.26,4.5124,91.03,928.57,457.8,396.84,543.09,881.01,503.86,113.2,58.552,1124.85,242.66,20722.0,51.725,52.805,4668.63,51.731,91.31,134.47,143.8,597.516,258.99,456.25
2025-11-24,708.47,816.38,4.5307,91.03,929.03,458.43,398.35,542.83,877.13,503.31,113.2,58.417,1112.74,244.93,20711.0,51.745,52.841,4701.8,51.894,91.5,134.58,144.4,597.726,260.53,456.89
2025-11-25,708.26,816.87,4.52,91.02,929.39,458.38,398.06,543.52,876.94,502.58,113.22,58.32,1105.03,244.1,20785.0,51.787,52.883,4676.48,51.821,91.44,134.64,144.23,598.186,261.02,456.12
2025-11-26,707.96,819.0,4.5347,91.059,932.22,458.12,398.23,544.01,876.62,502.09,113.2,58.329,1113.88,243.12,20672.0,51.878,52.977,4659.67,51.535,91.2,134.62,144.46,599.633,259.64,455.75
2025-11-27,707.79,820.56,4.5267,90.998,936.71,461.34,403.39,545.65,880.05,503.78,113.27,58.449,1110.02,242.29,20770.0,51.93,53.028,4655.95,51.584,91.02,134.18,144.19,600.101,259.31,455.38
2025-11-28,707.89,820.78,4.5293,90.99,936.97,462.43,405.33,545.89,879.71,504.6,113.29,58.344,1101.35,242.35,20678.0,51.897,53.008,4646.31,51.5,90.99,133.85,143.56,600.333,259.18,455.26
2025-12-01,707.59,820.52,4.5331,90.877,936.16,463.02,405.35,545.69,880.13,506.21,113.43,58.391,1095.81,241.99,20750.0,51.934,53.039,4651.04,51.614,91.03,133.6,143.02,600.787,258.54,454.32
2025-12-02,707.94,821.13,4.5495,90.88,934.51,462.92,405.12,545.76,879.15,505.39,113.39,58.373,1098.57,241.55,20792.0,51.913,53.051,4637.42,51.484,90.95,133.63,143.19,599.926,258.75,452.36
2025-12-03,707.54,822.1,4.536,90.897,934.29,464.37,405.67,545.44,880.47,505.89,113.36,58.423,1095.74,242.06,20771.0,51.959,53.104,4634.51,51.5,90.87,133.36,143.28,600.898,258.55,452.65
2025-12-04,707.33,823.73,4.5468,90.891,942.07,465.86,407.15,545.73,882.52,505.97,113.38,58.336,1094.36,241.37,20773.0,52.041,53.168,4621.96,51.286,90.7,132.83,142.6,601.326,259.01,451.78
2025-12-05,707.49,823.76,4.5597,90.906,942.69,467.54,407.67,545.73,880.16,506.82,113.3,58.145,1084.32,240.17,20837.0,51.924,53.057,4649.39,51.405,90.68,133.23,143.0,600.776,257.79,452.91
2025-12-08,707.64,823.74,4.5563,90.919,942.71,469.54,408.61,545.99,879.14,511.53,113.35,58.137,1081.43,239.4,20811.0,51.924,53.061,4633.54,51.343,90.68,132.87,142.91,601.561,256.94,451.23
2025-12-09,707.73,823.72,4.5391,90.981,942.98,468.8,408.69,545.32,877.13,510.92,113.21,58.157,1084.75,240.81,20781.0,51.908,53.041,4669.38,51.453,90.68,132.77,143.07,601.279,258.13,451.02
2025-12-10,707.53,822.58,4.5096,90.928,941.07,469.73,408.77,545.5,877.59,510.93,113.35,58.179,1093.16,241.03,20786.0,51.918,53.049,4665.05,51.404,90.8,132.31,143.46,601.545,257.29,449.92
2025-12-11,706.86,825.93,4.5304,90.862,944.82,470.84,410.15,546.46,882.82,511.67,113.37,58.241,1110.11,239.84,20802.0,52.044,53.17,4632.02,51.149,90.45,131.28,142.94,603.728,257.21,449.9
2025-12-12,706.38,828.42,4.5344,90.779,944.68,469.96,409.73,546.32,887.51,512.03,113.54,58.198,1131.15,238.97,20868.0,52.07,53.204,4624.21,51.022,90.2,131.14,142.71,604.51,255.57,448.61
2025-12-15,706.56,828.55,4.5303,90.776,943.57,469.19,409.44,546.53,887.02,512.78,113.54,58.036,1134.25,238.97,20920.0,52.031,53.157,4643.01,50.98,90.15,131.32,143.35,604.797,255.15,447.3
2025-12-16,706.02,828.99,4.5466,90.733,943.33,468.42,407.74,547.06,885.79,512.08,113.57,57.988,1127.08,238.07,20838.0,52.091,53.214,4637.65,50.863,90.12,131.63,143.87,605.456,254.84,446.28
2025-12-17,705.73,828.03,4.5516,90.719,945.81,467.0,407.09,546.8,886.06,512.14,113.63,57.901,1123.29,237.67,20923.0,52.141,53.243,4654.91,50.882,90.26,132.01,144.6,606.283,254.92,446.45
2025-12-18,705.83,827.59,4.5299,90.736,942.51,465.25,406.45,545.97,886.12,511.26,113.57,58.001,1141.48,237.89,20942.0,52.12,53.229,4699.09,50.895,90.3,131.99,144.8,606.32,255.46,446.86
2025-12-19,705.5,826.16,4.5274,90.675,942.67,465.78,406.55,546.39,887.0,511.31,113.65,57.946,1135.08,237.39,20946.0,52.147,53.25,4691.84,50.874,90.47,131.74,144.19,607.374,255.29,446.24
2025-12-22,705.72,825.31,4.4699,90.699,942.89,465.76,405.53,545.11,885.99,510.71,113.56,57.845,1142.4,237.88,20977.0,52.139,53.246,4685.93,50.953,90.52,131.55,143.85,607.69,255.79,446.05
2025-12-23,705.23,828.28,4.4846,90.673,947.71,468.41,407.66,546.63,889.1,511.72,113.66,57.847,1120.47,237.31,21043.0,52.205,53.308,4693.3,50.902,90.25,131.18,143.68,608.512,255.32,442.51
2025-12-24,704.71,829.69,4.5017,90.623,950.09,471.08,410.38,547.62,893.12,513.64,113.66,57.681,1111.83,237.15,20983.0,52.241,53.35,4707.37,50.896,90.07,130.34,142.67,609.228,254.43,442.68
2025-12-25,703.92,828.25,4.5047,90.526,948.77,471.21,410.06,547.4,891.63,513.66,113.78,57.51,1125.92,237.04,20638.0,52.297,53.408,4699.17,50.928,90.21,130.45,142.26,608.988,254.84,442.83
2025-12-26,703.58,827.47,4.4998,90.486,947.67,470.57,409.38,546.55,890.35,512.92,113.82,57.578,1114.55,236.95,20657.0,52.37,53.483,4713.24,50.983,90.28,130.7,142.52,611.038,255.51,442.89
2025-12-29,703.31,826.3,4.4833,90.494,946.61,470.61,408.19,546.33,889.04,513.05,113.87,57.609,1102.6,237.47,20528.0,52.388,53.49,4687.64,51.013,90.45,130.55,142.72,611.954,254.97,443.16
2025-12-30,703.48,826.81,4.4969,90.447,948.36,469.86,407.41,546.3,889.95,512.84,113.93,57.745,1117.19,237.55,20452.0,52.322,53.419,4673.92,51.131,90.35,130.75,143.04,611.529,255.88,450.5
2025-12-31,702.88,823.55,4.4797,90.322,943.46,468.92,405.2,545.86,885.1,511.42,114.12,57.739,1135.68,236.72,20575.0,52.436,53.532,4686.31,51.289,90.76,131.29,143.51,612.957,256.49,449.4
2026-01-05,702.3,820.27,4.466,90.141,941.68,468.17,403.07,544.28,883.42,509.45,114.35,57.882,1149.24,235.39,20648.0,52.46,53.568,4678.37,51.332,91.12,131.77,143.81,614.53,255.57,450.08
2026-01-06,701.73,819.19,4.4664,90.161,945.62,468.62,403.47,545.18,882.24,507.42,114.32,58.055,1160.5,234.05,20719.0,52.584,53.689,4688.28,51.426,91.28,131.36,143.73,616.0,256.06,448.18
2026-01-07,701.87,818.22,4.4662,90.131,944.7,471.1,404.23,546.52,879.53,506.37,114.33,57.775,1153.87,233.79,20718.0,52.512,53.614,4703.11,51.459,91.37,131.49,143.67,615.237,256.87,446.11
2026-01-08,701.97,817.69,4.4674,90.146,942.07,470.27,403.71,545.95,877.74,505.02,114.31,57.88,1151.4,234.8,20704.0,52.478,53.578,4705.1,51.478,91.43,131.22,144.03,614.765,256.68,447.92
2026-01-09,701.28,815.56,4.4592,89.973,939.61,468.25,401.63,544.56,875.37,504.26,114.41,58.002,1149.63,236.07,20792.0,52.534,53.638,4722.24,51.66,91.68,131.84,144.22,616.627,256.78,449.95
2026-01-12,701.08,814.0,4.4267,89.959,936.99,467.59,400.56,543.45,872.6,502.41,114.55,58.191,1131.21,235.66,20880.0,52.546,53.645,4740.51,51.777,91.85,131.72,144.27,616.98,256.8,448.68
2026-01-13,701.03,814.63,4.4222,89.914,940.38,468.27,402.6,543.68,875.82,503.08,114.6,58.036,1123.81,234.46,21048.0,52.613,53.715,4748.46,51.68,91.74,131.27,144.2,617.796,256.39,447.52
2026-01-14,701.2,814.23,4.3958,89.884,938.5,467.12,400.86,542.61,872.81,503.28,114.54,57.956,1128.9,234.36,21130.0,52.558,53.658,4744.1,51.742,91.82,131.93,144.33,617.381,254.77,451.3
2026-01-15,700.64,813.12,4.4086,89.88,937.86,465.93,400.09,542.31,872.98,502.54,114.65,57.871,1126.01,234.78,20996.0,52.641,53.752,4748.85,51.778,91.95,131.75,144.16,618.551,254.67,451.36
2026-01-16,700.78,810.67,4.4041,89.877,934.04,467.45,400.42,542.38,869.08,502.45,114.68,57.982,1122.49,233.87,21086.0,52.629,53.731,4752.73,51.957,92.21,132.03,144.91,619.9,252.71,450.17
2026-01-19,700.51,810.97,4.4281,89.828,934.45,466.37,401.39,542.44,874.01,501.8,114.71,57.966,1118.83,235.16,21139.0,52.632,53.738,4750.16,52.07,92.15,132.05,144.46,619.931,252.41,448.9
2026-01-20,700.06,811.86,4.4087,89.775,935.27,467.4,403.15,542.79,873.8,502.19,114.79,58.016,1113.72,234.91,21164.0,52.709,53.816,4749.85,52.03,92.1,132.07,144.43,620.894,251.96,448.63
2026-01-21,700.14,817.45,4.4095,89.779,936.62,468.98,405.55,542.86,882.38,503.65,114.78,58.102,1120.79,235.39,21241.0,52.707,53.819,4709.62,51.673,91.43,130.92,143.52,621.082,252.2,445.65
2026-01-22,700.19,815.37,4.4112,89.82,936.57,471.38,407.09,543.22,876.78,504.08,114.72,57.886,1105.53,233.23,21045.0,52.651,53.758,4716.1,51.669,91.68,130.66,143.0,620.658,250.39,449.06
2026-01-23,699.29,819.0,4.401,89.676,939.81,475.29,410.78,544.19,882.66,504.7,114.91,57.78,1090.25,231.69,21059.0,52.761,53.87,4662.63,51.251,91.3,129.46,141.74,622.308,250.4,446.56
2026-01-26,698.43,824.9,4.4826,89.594,949.83,480.06,413.35,547.84,894.0,507.38,115.02,57.265,1087.16,230.69,20835.0,52.859,53.966,4632.76,51.048,90.6,127.96,140.15,624.347,249.42,446.18
2026-01-27,698.58,827.55,4.5176,89.592,952.61,481.35,415.44,548.47,896.46,507.82,115.02,56.874,1097.67,230.05,20782.0,52.745,53.854,4610.14,50.828,90.28,128.4,140.4,622.954,249.02,448.23
2026-01-28,697.55,834.36,4.543,89.427,959.05,484.54,417.23,550.83,908.93,510.16,115.23,56.561,1097.93,228.58,20665.0,52.925,54.038,4553.13,50.312,89.68,126.71,138.32,625.543,246.91,445.71
2026-01-29,697.71,833.49,4.5437,89.435,961.75,490.0,421.73,551.81,907.79,513.72,115.22,56.213,1100.95,225.93,20576.0,52.781,53.889,4562.18,50.463,89.62,126.78,137.6,623.727,246.56,446.79
2026-01-30,696.78,832.44,4.5464,89.262,960.8,490.19,422.33,550.61,910.47,515.77,115.45,56.41,1082.67,225.92,20617.0,52.775,53.897,4569.09,50.48,89.66,126.54,137.1,624.175,247.21,449.66
2026-02-02,696.95,826.51,4.4926,89.249,953.85,484.3,419.16,547.59,900.99,510.98,115.46,56.557,1092.37,232.27,20804.0,52.681,53.803,4608.01,50.968,90.35,127.84,138.36,623.802,250.57,452.6
2026-02-03,696.08,821.74,4.4797,89.117,951.92,484.41,418.56,547.65,893.81,509.2,115.63,56.718,1100.73,230.73,20851.0,52.74,53.854,4634.42,51.362,90.89,128.71,139.21,624.154,249.62,453.32
2026-02-04,695.33,821.11,4.4615,88.978,951.44,487.52,419.51,547.29,895.58,509.33,115.81,56.538,1109.89,229.74,20876.0,52.852,53.964,4635.07,51.415,90.96,128.21,138.53,625.66,247.99,455.8
2026-02-05,695.7,820.36,4.4328,89.062,948.43,486.37,417.14,546.21,894.39,508.51,115.73,56.576,1101.98,231.28,21026.0,52.844,53.957,4626.08,51.403,91.03,129.32,139.12,626.195,249.18,456.29
2026-02-06,695.9,819.23,4.4367,89.08,940.53,481.03,413.16,545.31,894.12,507.25,115.69,56.847,1104.23,234.18,21169.0,52.802,53.916,4639.04,51.549,91.15,130.37,141.07,626.921,251.7,457.8
2026-02-09,695.23,820.46,4.4125,88.969,943.43,487.48,417.56,546.15,893.61,507.7,115.85,56.785,1110.83,230.71,21092.0,52.942,54.056,4604.06,51.396,91.06,129.82,139.51,627.756,248.55,454.64
2026-02-10,694.58,825.13,4.4389,88.882,947.95,490.55,418.77,547.62,903.16,510.71,115.97,56.723,1113.43,229.31,21067.0,53.025,54.148,4562.25,50.969,90.56,128.8,138.29,629.071,248.07,450.17
2026-02-11,694.38,823.92,4.4836,88.825,944.18,489.77,418.13,547.77,901.38,511.05,116.02,56.569,1118.46,230.04,21047.0,53.028,54.156,4586.09,51.181,90.68,128.33,137.46,629.639,247.9,450.91
2026-02-12,694.57,822.53,4.5241,88.881,943.68,493.64,418.8,549.05,898.46,510.29,115.94,56.459,1115.84,229.1,20924.0,53.029,54.151,4605.8,51.201,90.81,128.41,136.94,629.827,247.84,448.92
2026-02-13,693.98,821.95,4.5304,88.787,942.45,490.48,417.09,548.51,899.93,508.65,116.07,56.336,1118.26,230.36,20856.0,53.057,54.177,4605.17,51.213,90.88,128.98,137.78,631.34,248.32,449.16
2026-02-24,694.14,817.3,4.4846,88.773,935.19,489.02,412.71,547.15,895.02,506.01,116.08,56.139,1112.62,230.87,20875.0,52.989,54.123,4637.76,51.605,91.43,130.82,138.1,632.406,248.93,447.51
2026-02-25,693.21,813.52,4.4388,88.611,931.75,487.33,411.3,545.5,892.37,503.87,116.3,56.323,1112.6,230.94,20903.0,53.18,54.317,4644.86,51.755,91.87,131.0,138.59,634.527,248.12,450.54
2026-02-26,692.28,814.62,4.4208,88.557,933.91,490.24,412.68,546.18,892.11,503.82,116.37,56.308,1120.45,229.75,20737.0,53.307,54.441,4598.16,51.69,91.74,130.85,138.64,636.08,248.38,451.65
2026-02-27,692.28,812.08,4.4216,88.484,927.09,487.76,410.18,544.88,889.12,502.66,116.46,56.393,1122.92,231.24,20890.0,53.411,54.539,4620.3,51.899,92.03,131.65,139.02,638.455,249.27,452.71
2026-03-02,692.36,811.35,4.4123,88.518,924.93,487.24,411.14,543.78,897.0,504.39,116.45,56.538,1122.2,232.87,21005.0,53.283,54.418,4659.62,52.035,92.07,131.61,137.96,637.217,250.63,452.92
2026-03-03,690.88,807.32,4.3969,88.327,925.84,490.25,410.34,542.51,886.91,504.72,116.67,56.82,1123.41,232.85,21091.0,53.223,54.384,4701.42,52.419,92.53,132.7,138.71,636.737,250.36,454.91
2026-03-04,691.24,802.14,4.3831,88.574,922.92,486.38,406.96,541.11,883.72,505.29,116.34,57.087,1122.86,238.85,21460.0,53.156,54.313,4818.3,53.473,93.1,133.98,139.82,636.13,255.77,456.88
2026-03-05,690.07,803.62,4.3985,88.259,923.09,488.55,410.01,541.59,886.18,506.05,116.76,57.049,1127.76,236.68,21190.0,53.209,54.375,4785.09,53.104,93.0,132.86,139.48,637.0,254.74,457.54
2026-03-06,690.25,801.32,4.3814,88.253,921.98,484.15,407.21,539.07,884.14,504.94,116.77,57.147,1139.29,241.29,21451.0,53.207,54.37,4837.37,53.36,93.24,133.64,140.18,638.063,256.5,459.67
2026-03-09,691.58,796.79,4.3653,88.505,920.3,482.08,404.99,538.49,885.27,508.27,116.44,57.341,1141.67,243.23,21572.0,53.145,54.31,4959.4,53.954,93.73,134.03,139.36,637.897,260.44,463.19
2026-03-10,689.82,801.98,4.3717,88.196,926.58,487.65,408.69,541.37,887.26,507.85,116.84,57.354,1135.14,236.7,21309.0,53.256,54.438,4832.56,52.982,93.21,132.53,139.14,639.263,256.11,459.8
2026-03-11,689.17,799.86,4.3575,88.075,924.32,490.36,407.89,540.91,884.76,506.84,117.03,56.915,1147.81,236.47,21327.0,53.318,54.481,4833.38,53.283,93.45,133.2,139.97,639.932,255.28,459.03
2026-03-12,689.59,795.68,4.3339,88.128,922.25,491.58,406.63,540.21,881.63,506.55,116.93,56.911,1150.04,240.16,21463.0,53.31,54.466,4872.41,53.399,93.9,134.19,140.17,639.958,257.33,463.75
2026-03-13,690.07,794.02,4.3284,88.163,920.22,487.88,403.27,539.01,877.36,505.44,116.83,56.979,1155.06,243.17,21606.0,53.289,54.445,4933.33,53.769,94.11,135.66,140.7,641.076,258.65,466.77
2026-03-16,690.57,789.6,4.3276,88.217,914.49,483.37,400.02,538.26,873.74,503.56,116.81,57.017,1160.84,244.61,21677.0,53.197,54.352,4976.24,54.127,94.66,136.88,141.52,640.071,258.92,469.98
2026-03-17,689.61,792.38,4.3293,88.073,917.25,486.68,402.99,539.22,874.31,503.39,117.01,56.944,1180.19,242.29,21648.0,53.292,54.451,4929.56,53.835,94.34,135.66,140.48,641.066,256.8,470.34
2026-03-18,689.09,794.25,4.3316,87.918,919.43,489.18,403.13,539.43,877.07,502.66,117.21,56.849,1196.31,242.34,21599.0,53.354,54.54,4890.1,53.612,94.08,134.79,139.27,642.098,256.44,469.77
2026-03-19,689.75,790.83,4.3169,88.006,915.04,484.85,400.04,537.34,870.27,502.2,117.09,56.871,1214.45,246.31,21779.0,53.255,54.434,4976.25,54.049,94.51,136.34,139.25,642.504,258.91,475.87
2026-03-20,688.98,796.75,4.357,87.915,923.95,487.29,403.82,538.69,872.43,501.05,117.23,57.199,1251.12,243.2,21658.0,53.374,54.553,4901.7,53.566,93.78,135.09,138.06,643.874,257.88,472.55
2026-03-23,690.41,796.76,4.332,88.114,919.09,483.26,402.08,537.76,875.34,502.75,116.95,57.056,1206.5,247.6,21832.0,53.286,54.469,4930.29,53.613,93.74,135.5,138.86,642.868,260.15,477.74
2026-03-24,689.43,799.41,4.3476,88.015,924.71,482.55,403.01,540.36,875.78,501.83,117.08,57.047,1189.49,244.39,21658.0,53.325,54.501,4850.87,53.268,93.44,135.48,141.38,643.722,258.22,471.03
2026-03-25,689.11,800.08,4.3394,88.092,924.26,481.87,401.92,539.08,874.18,500.45,116.97,57.343,1168.58,245.55,21713.0,53.35,54.52,4882.71,53.37,93.4,135.13,140.79,643.941,257.45,471.52
2026-03-26,690.56,797.98,4.3337,88.357,922.85,479.58,401.04,538.76,872.62,500.09,116.63,57.411,1172.87,245.93,21790.0,53.183,54.324,4850.9,53.551,93.58,135.44,140.25,642.314,257.59,474.17
2026-03-27,691.41,796.85,4.3271,88.361,921.3,476.07,398.1,537.42,869.53,498.77,116.62,57.859,1177.74,247.12,21845.0,53.162,54.304,4865.62,53.654,93.76,136.41,140.34,643.538,259.36,477.01
2026-03-30,692.23,795.51,4.3171,88.384,916.66,474.19,396.72,536.55,865.26,497.95,116.54,57.977,1177.81,247.93,21842.0,53.08,54.228,4896.11,53.865,93.94,136.92,140.83,642.364,262.15,476.11
2026-03-31,691.94,793.02,4.3296,88.295,911.69,473.82,395.58,535.75,865.24,496.84,116.72,58.287,1175.03,248.58,21994.0,53.077,54.227,4898.75,54.115,94.23,138.07,140.71,642.689,262.17,474.62
2026-04-01,690.25,798.06,4.346,88.065,913.3,476.49,396.24,537.26,863.9,495.82,116.96,58.583,1179.44,244.85,21851.0,53.264,54.426,4818.15,53.736,93.7,137.16,140.39,644.597,259.54,472.17
2026-04-02,688.8,798.0,4.338,87.876,915.84,476.53,395.63,536.7,867.24,495.92,117.21,58.408,1168.29,244.27,21970.0,53.345,54.519,4799.8,53.644,93.69,136.73,141.19,646.058,258.61,473.82
2026-04-03,689.29,795.18,4.3187,87.945,911.53,476.19,393.97,536.03,862.76,494.97,117.12,58.606,1167.32,246.01,21909.0,53.331,54.507,4832.91,53.805,93.99,136.81,141.21,647.019,259.23,473.48
2026-04-07,688.54,793.98,4.3119,87.858,910.34,475.84,392.87,535.55,862.04,494.54,117.29,58.512,1148.5,245.03,21916.0,53.373,54.559,4805.44,53.694,94.11,137.37,141.1,647.932,258.0,473.35
2026-04-08,686.8,799.9,4.3169,87.652,917.04,483.49,396.81,536.71,865.51,494.56,117.56,58.516,1145.7,240.86,21716.0,53.601,54.795,4706.12,53.199,93.44,136.24,140.15,650.125,255.71,469.19
2026-04-09,686.49,797.54,4.3158,87.651,916.33,481.78,398.42,536.89,864.67,494.02,117.57,58.058,1148.61,240.04,21637.0,53.654,54.819,4714.13,53.23,93.67,136.19,139.92,649.689,254.56,468.9
2026-04-10,686.54,800.3,4.3056,87.641,919.12,484.16,400.39,537.73,865.68,495.07,117.58,58.084,1135.48,239.32,21582.0,53.677,54.84,4703.22,53.025,93.39,135.73,138.85,652.1,253.54,469.02
2026-04-13,686.57,800.14,4.2939,87.646,917.64,481.05,397.74,536.09,864.64,493.84,117.58,57.92,1125.89,242.22,21728.0,53.61,54.775,4603.51,53.196,93.39,136.35,139.22,652.126,254.37,472.89
2026-04-14,685.93,804.56,4.297,87.579,923.8,485.01,400.95,537.5,872.84,495.72,117.67,57.986,1115.02,239.58,21650.0,53.736,54.906,4509.65,52.739,92.91,134.36,138.18,653.627,252.63,468.87
2026-04-15,685.82,805.98,4.3031,87.54,927.29,486.93,403.09,537.63,875.2,496.03,117.66,57.746,1107.53,238.99,21578.0,53.784,54.952,4507.1,52.533,92.72,134.44,138.3,654.64,252.23,468.81
2026-04-16,686.16,807.24,4.3047,87.629,927.99,490.41,404.31,538.08,875.53,497.73,117.6,57.767,1107.47,239.33,21608.0,53.728,54.877,4497.95,52.396,92.57,134.03,137.34,653.952,252.02,469.19
2026-04-17,686.22,806.18,4.3012,87.697,925.73,490.05,403.0,537.51,874.15,499.23,117.5,57.78,1117.31,239.54,21656.0,53.705,54.85,4521.88,52.543,92.7,134.36,136.85,655.34,251.74,468.67
2026-04-20,686.48,804.02,4.3049,87.663,923.32,488.91,401.72,537.67,874.4,499.31,117.55,57.683,1113.78,239.83,21482.0,53.678,54.819,4501.01,52.556,92.94,134.24,137.1,655.071,253.44,468.8
2026-04-21,685.94,805.65,4.3065,87.588,924.89,490.38,403.67,538.44,878.47,500.84,117.65,57.732,1099.34,239.08,21538.0,53.753,54.896,4485.68,52.445,92.76,133.51,136.26,656.224,252.74,469.11
2026-04-22,686.35,803.62,4.2976,87.64,924.46,489.66,403.6,537.38,876.89,500.82,117.58,57.707,1099.33,240.62,21661.0,53.695,54.825,4523.82,52.713,93.0,134.24,136.51,656.34,252.88,471.03
2026-04-23,686.5,801.78,4.2988,87.648,924.67,490.32,404.41,536.8,873.08,500.79,117.57,57.695,1099.55,240.47,21636.0,53.656,54.792,4546.16,52.884,93.21,134.52,135.88,655.929,252.96,471.73
2026-04-24,686.74,800.79,4.2944,87.666,923.04,488.84,401.26,536.37,872.01,500.28,117.54,57.837,1107.27,242.58,21650.0,53.602,54.738,4575.05,52.946,93.32,135.09,136.13,656.067,253.9,474.36
2026-04-27,685.79,801.73,4.2952,87.536,925.26,489.09,401.92,536.39,870.96,500.36,117.76,57.828,1101.29,242.04,21578.0,53.669,54.806,4549.2,52.875,93.23,135.03,136.21,657.358,253.98,473.97
2026-04-28,685.89,802.07,4.2954,87.514,926.11,491.77,404.38,537.2,871.47,502.15,117.75,57.676,1096.59,241.55,21569.0,53.689,54.828,4537.33,52.885,93.16,134.75,135.72,658.028,253.77,473.45
2026-04-29,686.08,802.26,4.2944,87.563,926.03,491.91,403.12,536.6,868.06,500.38,117.69,57.666,1099.57,241.4,21536.0,53.645,54.783,4529.73,52.922,93.16,135.3,136.16,658.002,253.69,475.24
2026-04-30,686.28,800.57,4.2812,87.581,924.16,488.24,400.0,535.18,866.59,500.85,117.66,57.715,1093.67,245.47,21709.0,53.602,54.737,4562.24,53.186,93.33,135.87,136.09,659.05,255.7,478.67
2026-05-06,685.62,800.94,4.3338,87.504,927.12,492.45,403.62,536.77,874.73,502.24,117.76,57.856,1106.03,242.53,21483.0,53.757,54.921,4505.46,52.946,93.29,135.2,135.3,661.707,253.35,475.3
2026-05-07,684.87,802.51,4.3661,87.415,928.26,494.01,406.3,538.84,877.21,500.7,117.88,57.373,1098.08,240.0,21238.0,53.806,54.955,4463.09,52.679,93.13,135.29,136.18,662.151,252.25,472.73
2026-05-08,685.02,801.39,4.3559,87.463,925.99,492.32,405.61,538.39,875.69,499.85,117.82,57.185,1095.1,240.96,21387.0,53.776,54.916,4445.71,52.752,93.26,135.85,136.27,662.799,252.8,473.06
2026-05-11,684.67,802.56,4.3533,87.468,927.7,493.7,405.93,538.15,877.79,498.43,117.81,57.398,1091.36,240.67,21491.0,53.858,55.007,4415.08,52.719,93.06,135.42,135.08,664.409,251.79,473.7
2026-05-12,684.26,803.29,4.3435,87.393,928.06,494.13,406.74,537.61,877.05,498.38,117.92,57.464,1084.39,240.86,21700.0,53.876,55.036,4422.0,52.686,92.99,135.27,134.73,664.947,251.65,474.41
2026-05-13,684.31,800.39,4.3327,87.408,923.35,493.66,405.94,536.35,874.35,497.73,117.89,57.619,1086.51,241.97,21923.0,53.887,55.051,4463.09,53.069,93.35,136.32,134.77,665.649,252.16,475.6
2026-05-14,684.01,798.6,4.326,87.363,922.21,494.58,404.42,535.85,872.65,497.1,117.97,57.572,1086.4,240.4,21893.0,53.914,55.073,4478.21,53.096,93.57,136.83,134.58,666.345,251.42,475.21
2026-05-15,684.15,795.34,4.3126,87.343,913.49,492.44,402.75,534.46,870.42,496.87,117.98,57.609,1078.17,241.61,21961.0,53.878,55.043,4492.32,53.272,93.96,137.78,136.11,667.209,252.18,476.23
2026-05-18,684.35,792.95,4.303,87.408,908.91,487.21,398.25,532.92,867.72,496.08,117.89,58.03,1070.08,244.72,21994.0,53.824,54.995,4553.52,53.53,94.25,138.38,136.55,667.216,253.84,479.8
2026-05-19,683.75,794.37,4.2979,87.318,915.62,488.64,400.21,533.32,869.4,495.9,118.02,58.231,1066.88,243.02,21948.0,53.912,55.085,4530.39,53.317,94.06,137.64,135.92,668.47,252.97,478.16
2026-05-20,683.97,792.07,4.2961,87.306,914.42,484.98,398.12,532.63,865.6,496.29,118.03,58.253,1044.5,244.64,22144.0,53.847,55.01,4561.3,53.605,94.33,137.77,135.91,667.985,254.73,479.61
2026-05-21,683.49,792.36,4.2957,87.267,915.54,487.12,399.63,533.61,866.08,495.45,118.09,58.125,1047.97,241.46,21992.0,53.919,55.086,4534.49,53.529,94.34,137.15,135.95,668.927,253.75,478.7
2026-05-22,683.73,791.93,4.2933,87.261,915.71,487.35,400.57,533.55,867.09,494.68,118.1,57.998,1044.65,241.16,22131.0,53.894,55.067,4528.1,53.492,94.35,137.04,135.52,669.937,253.39,479.02
2026-05-25,683.18,792.97,4.2905,87.208,918.28,487.5,400.06,533.48,871.25,493.22,118.17,57.994,1051.14,239.9,22262.0,53.957,55.127,4507.89,53.38,94.24,136.74,136.03,671.058,252.99,478.01
2026-05-26,682.88,792.33,4.2879,87.155,918.91,488.11,399.11,533.17,869.84,492.88,118.27,58.011,1052.81,239.4,22265.0,53.986,55.154,4497.9,53.337,94.3,136.57,135.71,674.177,253.49,478.18
2026-05-27,682.91,792.34,4.2804,87.151,916.14,488.25,397.68,533.15,867.68,492.93,118.24,58.309,1057.88,240.23,22169.0,53.961,55.132,4486.65,53.398,94.31,136.54,136.14,673.874,253.67,480.22
2026-05-28,682.4,791.21,4.2732,87.115,913.77,485.84,401.39,532.91,864.89,491.6,118.29,58.261,1045.46,240.34,22118.0,53.977,55.147,4477.32,53.458,94.45,136.67,136.36,674.002,254.88,480.31
2026-05-29,681.76,791.6,4.2718,87.029,913.35,486.41,403.54,532.71,867.15,492.57,118.41,58.426,1047.05,238.72,22060.0,54.093,55.272,4473.15,53.329,94.43,136.29,136.26,675.411,254.37,480.18
2026-06-01,681.67,791.22,4.2656,86.986,913.39,487.59,405.89,531.97,869.22,491.88,118.47,58.309,1048.88,239.08,22241.0,54.125,55.3,4467.65,53.401,94.46,136.25,136.24,675.858,255.02,480.11
2026-06-02,681.87,790.68,4.2621,86.998,914.72,486.81,403.27,531.67,864.85,490.81,118.45,58.268,1063.64,239.81,22299.0,54.066,55.243,4492.01,53.495,94.5,137.03,136.55,675.419,255.0,480.64
2026-06-03,681.84,789.9,4.2552,87.001,914.49,487.5,402.5,530.64,863.01,490.65,118.45,58.379,1079.83,239.13,22367.0,54.081,55.263,4486.19,53.541,94.6,137.26,136.77,675.86,254.39,481.92
2026-06-04,682.03,789.2,4.254,87.033,912.98,484.73,398.92,529.94,859.87,489.18,118.4,58.729,1088.53,240.31,22493.0,54.041,55.238,4504.04,53.679,94.69,138.19,137.15,675.68,254.63,481.78
2026-06-05,681.57,789.19,4.251,87.005,912.31,484.57,398.85,529.16,861.52,488.43,118.44,59.04,1083.0,239.93,22632.0,54.079,55.282,4479.25,53.626,94.71,138.04,137.53,677.611,254.11,481.66
2026-06-08,681.98,784.76,4.2495,87.048,908.12,479.71,394.86,527.54,855.08,488.02,118.38,59.364,1084.51,243.31,22865.0,53.962,55.164,4529.95,54.109,95.22,139.1,138.92,676.8,256.37,482.81
2026-06-09,681.47,784.0,4.2475,86.957,906.7,478.63,394.53,527.85,852.23,487.01,118.51,59.854,1076.4,242.85,22463.0,54.039,55.242,4535.89,54.053,95.34,138.87,139.4,678.052,256.54,483.85
2026-06-10,681.3,783.92,4.2416,86.935,908.47,476.85,394.55,527.96,850.59,486.69,118.54,59.714,1060.62,243.3,22444.0,54.072,55.278,4535.45,54.059,95.35,139.6,140.09,678.554,256.56,484.96
2026-06-11,681.5,784.25,4.2385,86.975,908.34,475.56,393.91,527.98,850.1,487.26,118.48,59.862,1063.93,243.78,22427.0,54.05,55.245,4544.8,54.188,95.31,140.05,139.34,678.836,256.0,485.51
2026-06-12,681.09,785.76,4.2419,86.926,910.53,478.07,395.46,528.91,853.99,485.59,118.59,59.776,1062.62,239.67,22426.0,54.139,55.334,4503.66,54.023,95.13,139.21,139.92,681.127,253.71,483.59
2026-06-15,680.88,786.86,4.2424,86.897,911.91,479.49,396.62,529.44,854.42,485.25,118.59,59.687,1071.13,238.7,22319.0,54.199,55.377,4459.29,53.84,95.0,138.48,140.18,682.241,252.69,481.7
2026-06-16,681.08,786.36,4.2395,86.932,910.15,479.61,395.22,529.01,854.53,484.65,118.54,59.618,1072.14,238.49,22372.0,54.164,55.338,4450.15,53.99,95.05,138.6,140.63,682.081,253.34,480.58
2026-06-17,680.96,787.76,4.2346,86.945,910.99,479.44,395.57,529.25,856.16,484.5,118.52,59.894,1073.05,238.44,22324.0,54.176,55.353,4429.41,53.722,94.88,138.07,139.72,682.504,253.18,480.39
2026-06-18,681.3,781.74,4.2336,86.948,903.92,477.02,392.59,527.64,850.38,481.68,118.51,59.962,1076.47,240.85,22487.0,54.076,55.256,4487.93,54.243,95.58,139.97,141.54,683.324,254.28,481.97
2026-06-22,681.5,778.86,4.2158,86.955,897.74,475.9,389.58,525.86,841.61,479.15,118.52,60.821,1078.0,241.99,22570.0,54.074,55.262,4518.5,54.614,95.97,141.17,142.86,683.489,254.93,485.22
2026-06-23,681.71,776.54,4.2121,86.953,900.43,475.41,388.06,525.53,840.77,479.9,118.51,60.942,1094.67,241.18,22665.0,54.059,55.262,4531.35,54.957,96.25,141.59,142.75,683.589,255.15,485.87
2026-06-24,681.95,774.34,4.2144,86.975,898.18,470.46,385.42,524.77,840.83,478.7,118.48,60.831,1097.4,242.95,22559.0,53.989,55.183,4584.91,55.244,96.54,143.15,144.01,682.859,257.78,489.63
2026-06-25,682.09,773.49,4.2124,87.012,896.82,469.92,384.5,525.07,838.74,478.53,118.43,60.668,1098.97,243.1,22665.0,53.92,55.118,4597.55,55.391,96.64,143.22,144.66,682.659,258.56,490.99
2026-06-26,681.66,774.05,4.2107,86.942,898.32,470.21,384.35,525.26,840.46,479.54,118.52,60.449,1110.23,242.14,22705.0,53.926,55.134,4573.48,55.304,96.58,143.02,144.85,683.84,256.84,490.47
2026-06-29,681.75,775.64,4.211,86.919,899.02,469.55,384.04,526.23,841.08,480.04,118.5,60.002,1155.91,241.6,22560.0,53.922,55.13,4562.45,55.27,96.37,142.95,145.91,684.029,256.91,490.63
2026-06-30,681.09,776.71,4.2045,86.855,901.45,468.04,384.14,526.05,842.28,478.47,118.59,59.758,1132.93,241.31,22712.0,54.023,55.237,4553.49,55.184,96.23,142.79,146.0,685.834,256.62,489.61
2026-07-01,680.67,775.74,4.1835,86.784,900.76,469.87,385.66,525.28,840.88,478.42,118.69,60.022,1159.13,241.03,22818.0,54.055,55.293,4582.52,55.379,96.35,142.84,145.91,686.429,257.14,490.09
2026-07-02,680.88,773.62,4.184,86.804,902.87,468.5,385.75,524.78,840.37,478.11,118.65,60.162,1141.87,241.32,22843.0,54.026,55.235,4595.32,55.471,96.62,143.09,145.86,686.545,258.11,490.54
2026-07-03,680.47,776.09,4.2094,86.754,906.0,469.64,386.51,525.62,844.58,478.57,118.72,59.991,1142.13,239.33,22710.0,54.096,55.302,4562.69,55.225,96.32,142.59,145.08,688.085,257.08,489.64
2026-07-06,680.66,777.08,4.2084,86.781,907.05,471.2,387.27,525.92,845.5,478.25,118.75,59.882,1136.3,238.73,22527.0,54.066,55.266,4542.45,55.184,96.19,141.93,144.75,688.979,257.04,488.46
2026-07-07,680.54,777.56,4.1961,86.776,910.37,472.65,387.42,526.07,844.3,478.14,118.75,60.046,1134.37,238.34,22512.0,54.073,55.29,4548.96,55.133,96.15,141.65,144.07,689.032,255.65,490.26
2026-07-08,680.77,776.14,4.1937,86.806,908.59,471.42,386.57,526.11,841.6,479.16,118.71,59.841,1124.21,239.73,22302.0,53.981,55.18,4571.57,55.412,96.32,142.51,144.12,688.405,257.38,490.7
2026-07-09,680.36,776.96,4.1863,86.791,910.98,471.5,388.54,525.85,841.71,479.99,118.73,59.914,1128.15,241.19,22125.0,53.997,55.197,4630.09,55.448,96.22,142.53,143.51,688.774,258.23,492.09
2026-07-10,679.89,777.12,4.1876,86.754,911.57,471.73,391.5,526.06,842.78,479.7,118.78,59.923,1120.46,239.98,22194.0,54.032,55.228,4595.4,55.703,96.18,142.14,142.99,690.539,257.91,491.34
2026-07-13,679.72,774.0,4.1922,86.693,908.5,471.28,390.57,524.96,838.92,479.34,118.87,59.976,1132.2,240.8,22125.0,54.085,55.29,4605.63,55.954,96.57,142.65,144.18,691.24,257.77,491.6
2026-07-14,679.9,773.67,4.185,86.746,907.21,470.15,391.48,525.0,834.23,480.16,118.79,59.927,1129.51,242.35,22048.0,54.047,55.258,4640.86,55.996,96.61,143.04,143.98,691.878,257.76,493.21
2026-07-15,679.1,774.91,4.1847,86.647,908.39,473.06,394.04,525.44,838.21,482.34,118.94,60.123,1144.35,241.3,21947.0,54.166,55.394,4624.52,55.788,96.49,142.44,142.85,693.3,256.62,493.8
2026-07-16,679.09,776.9,4.1815,86.63,917.03,474.46,395.87,525.88,841.72,482.36,118.95,60.142,1145.22,240.75,21945.0,54.245,55.464,4622.31,55.598,96.24,141.67,142.56,694.464,256.36,496.07
2026-07-17,679.34,776.31,4.1811,86.648,914.14,474.63,396.23,525.68,839.28,483.1,118.92,60.059,1152.95,241.82,21832.0,54.157,55.377,4661.82,55.744,96.3,142.18,142.56,694.431,256.65,495.53
2026-07-20,679.48,775.7,4.1782,86.669,912.62,473.65,396.37,525.31,839.56,484.15,118.9,60.246,1152.33,243.96,21937.0,54.112,55.329,4683.4,55.936,96.37,142.49,142.15,694.783,258.41,496.33
2026-07-21,679.17,774.18,4.1763,86.628,910.83,474.68,396.78,525.41,837.34,481.76,118.96,60.287,1159.57,243.29,21802.0,54.163,55.374,4673.88,55.93,96.57,142.88,142.71,695.519,256.59,496.56
2026-07-22,679.33,773.45,4.1592,86.636,907.44,474.76,395.09,525.01,834.66,480.66,118.94,60.243,1156.77,242.65,21842.0,54.15,55.346,4678.17,55.932,96.66,143.14,142.05,695.715,256.45,497.48
2026-07-23,679.06,773.95,4.1589,86.616,907.01,474.01,394.18,525.29,833.02,481.36,118.97,60.209,1155.39,241.88,21758.0,54.163,55.358,4697.45,55.883,96.6,142.98,141.51,696.026,256.46,498.55
2026-07-24,679.39,772.37,4.1447,86.637,903.78,473.04,392.0,525.01,831.25,481.88,118.94,60.273,1155.78,247.57,21721.0,54.122,55.312,4716.65,56.052,96.79,143.73,141.64,696.858,257.91,498.82
2026-07-27,679.11,772.67,4.1441,86.601,904.94,474.0,392.88,525.7,830.56,481.13,118.99,60.211,1148.26,246.72,21552.0,54.184,55.374,4665.14,55.818,96.79,142.88,141.32,698.142,257.07,496.45
2026-07-28,679.28,771.19,4.1427,86.627,901.41,473.8,391.4,525.14,828.25,480.12,118.96,60.204,1152.15,247.25,21657.0,54.166,55.362,4667.98,56.015,96.94,143.41,142.56,698.158,257.19,496.32
2026-07-29,678.99,771.75,4.1393,86.589,900.52,472.69,391.82,524.44,827.29,480.34,119.0,60.279,1161.07,246.41,21471.0,54.208,55.404,4666.51,56.017,96.87,143.09,142.94,699.116,257.1,495.45
2026-07-30,678.92,776.13,4.1437,86.573,904.55,470.84,392.35,525.36,831.75,481.96,119.03,60.274,1178.63,246.04,21305.0,54.276,55.484,4680.12,55.687,96.32,142.54,141.85,700.102,257.4,495.16
2026-07-31,678.94,778.86,4.2203,86.559,909.82,474.41,396.53,527.52,838.87,482.06,119.05,60.294,1181.37,243.99,21121.0,54.404,55.618,4651.08,55.265,96.03,141.22,141.17,703.296,256.3,494.76
2026-08-03,678.98,780.68,4.2898,86.587,912.27,476.08,398.66,527.94,838.15,482.22,119.01,60.3,1177.43,243.49,21247.0,54.354,55.574,4660.48,55.125,95.76,140.62,140.33,702.94,255.47,493.76
2026-08-04,679.17,779.86,4.3015,86.603,910.03,474.19,397.61,528.24,836.77,482.24,118.99,60.413,1190.13,243.76,21107.0,54.227,55.449,4666.21,55.267,95.87,141.2,140.85,701.623,255.53,493.56
2026-08-05,678.89,780.59,4.29,86.562,910.43,476.94,397.59,528.14,836.69,480.95,119.05,60.408,1194.89,242.21,21118.0,54.287,55.509,4621.92,54.984,95.78,140.74,140.99,702.546,254.83,491.99
2026-08-06,678.95,781.97,4.2956,86.557,911.24,477.39,398.01,528.35,839.04,482.76,119.05,60.421,1199.54,241.01,21035.0,54.301,55.526,4620.47,54.926,95.61,140.21,140.86,702.903,254.33,489.82
2026-08-07,679.04,780.67,4.2791,86.56,911.63,476.35,397.49,527.84,834.3,483.32,119.05,60.343,1218.01,241.34,21044.0,54.226,55.436,4675.68,55.053,95.76,140.48,140.85,703.356,253.7,489.65
2026-08-10,678.84,781.71,4.2867,86.536,912.34,477.57,397.92,529.21,836.99,484.53,119.08,60.366,1217.26,238.71,20899.0,54.349,55.558,4649.3,54.929,95.66,140.26,140.53,705.203,252.98,488.51
2026-08-11,679.0,781.53,4.2567,86.55,914.56,477.64,398.28,528.76,836.17,485.5,119.06,60.365,1223.02,238.96,20959.0,54.271,55.483,4656.94,54.988,95.66,140.26,140.28,704.728,252.8,488.1
2026-08-12,678.82,780.95,4.2548,86.515,914.07,477.93,397.67,528.84,834.61,485.74,119.11,60.4,1222.56,239.12,20916.0,54.31,55.519,4670.7,55.014,95.74,140.75,140.37,705.36,251.92,490.62
2026-08-13,678.88,780.14,4.2508,86.518,913.55,477.97,396.52,528.82,832.59,485.26,119.11,60.297,1227.52,238.34,20958.0,54.293,55.499,4663.06,55.127,95.83,141.6,140.38,705.547,251.71,489.82
2026-08-14,678.78,780.17,4.2454,86.5,912.62,477.7,395.87,528.5,831.36,485.39,119.14,60.339,1231.56,239.17,20993.0,54.326,55.529,4651.98,55.184,95.83,141.42,140.65,707.462,251.37,491.34
2026-08-17,678.73,782.88,4.2487,86.496,916.04,479.29,398.65,528.99,832.5,487.29,119.14,60.311,1246.6,239.25,20968.0,54.334,55.541,4630.36,54.94,95.5,140.74,139.69,707.709,251.25,490.71
2026-08-18,679.05,783.78,4.2482,86.559,916.85,480.91,399.42,529.82,835.02,487.66,119.05,59.899,1257.17,239.57,20922.0,54.295,55.506,4635.28,54.975,95.38,140.57,139.22,707.554,251.3,488.9
2026-08-19,678.54,783.28,4.2445,86.502,915.86,479.15,397.31,529.35,833.34,486.58,119.12,59.915,1259.09,240.2,20880.0,54.3,55.511,4662.93,55.124,95.45,140.98,139.2,708.092,251.74,490.13
2026-08-20,678.08,788.15,4.2636,86.476,917.93,480.41,400.16,531.28,846.34,488.4,119.17,59.964,1251.19,238.26,20614.0,54.47,55.684,4615.19,54.712,94.91,139.93,138.29,710.556,250.68,487.91
2026-08-21,678.17,789.06,4.2516,86.466,921.01,480.58,401.8,531.15,844.79,489.66,119.17,59.817,1232.75,238.48,20620.0,54.424,55.637,4613.06,54.629,94.74,140.46,138.51,711.112,250.49,487.16
2026-08-24,678.41,788.63,4.2541,86.542,921.44,483.95,403.2,531.96,843.37,489.19,119.09,59.688,1230.19,237.01,20547.0,54.426,55.639,4591.74,54.601,94.8,140.4,137.99,711.649,250.13,484.62
2026-08-25,678.52,787.91,4.2518,86.587,921.06,483.02,402.61,531.85,842.49,487.57,119.01,59.751,1244.02,237.02,20541.0,54.413,55.626,4597.45,54.584,94.89,140.64,137.93,711.634,250.32,485.29
2026-08-26,678.29,788.07,4.245,86.523,921.27,483.51,403.23,532.0,842.52,487.44,119.1,59.746,1245.8,235.86,20556.0,54.457,55.67,4580.25,54.558,94.88,140.21,138.17,712.506,250.4,485.51
2026-08-27,678.4,787.39,4.2491,86.535,918.59,484.88,401.77,531.44,839.87,486.52,119.08,59.572,1254.94,236.04,20523.0,54.402,55.615,4591.23,54.66,94.94,141.07,138.48,712.174,250.27,486.63
2026-08-28,678.11,786.83,4.2428,86.498,918.19,485.5,402.08,531.42,840.56,487.16,119.13,59.64,1278.9,236.69,20512.0,54.426,55.638,4627.73,54.987,94.99,140.99,138.17,712.626,250.64,488.03
2026-08-31,678.28,783.44,4.2285,86.51,915.3,484.1,399.94,530.4,836.03,486.0,119.12,59.533,1272.39,238.97,20455.0,54.364,55.572,4655.49,55.364,95.41,142.17,138.67,713.542,251.51,491.2
2026-09-01,678.09,784.06,4.2301,86.498,914.31,483.73,399.28,531.15,835.32,486.87,119.14,59.617,1282.55,238.54,20349.0,54.456,55.67,4649.07,55.107,95.34,142.02,138.54,714.872,251.27,492.38
2026-09-02,678.29,782.67,4.2218,86.497,912.78,482.46,397.89,530.5,832.56,485.72,119.14,59.714,1291.08,239.19,20397.0,54.417,55.628,4698.37,55.291,95.5,142.51,138.25,714.733,251.09,494.21
2026-09-03,678.07,782.08,4.2495,86.476,910.04,483.44,394.83,531.19,830.77,487.16,119.17,59.756,1302.94,237.8,20229.0,54.457,55.673,4693.94,55.267,95.6,142.77,138.22,715.458,251.04,492.82
2026-09-04,677.87,783.97,4.3135,86.458,911.95,484.87,396.27,532.27,835.01,488.49,119.19,59.784,1290.25,237.08,20207.0,54.515,55.733,4606.72,55.013,95.36,141.55,137.99,717.587,250.29,489.18
2026-09-07,677.95,783.37,4.3098,86.465,911.58,485.39,396.38,532.31,833.29,487.13,119.21,59.853,1279.29,236.5,19978.0,54.506,55.724,4611.94,54.947,95.43,142.04,138.11,718.008,249.97,489.43
2026-09-08,678.04,784.19,4.3706,86.482,913.49,486.16,396.34,532.87,834.18,488.09,119.16,59.85,1280.98,236.9,20011.0,54.497,55.718,4620.62,54.851,95.32,142.32,137.65,718.155,250.56,488.63
2026-09-09,677.69,783.97,4.3774,86.418,913.08,486.1,394.74,533.04,833.99,488.67,119.25,60.135,1281.63,237.14,19975.0,54.531,55.747,4627.99,54.913,95.37,142.25,137.21,718.635,250.23,489.43
2026-09-10,677.66,784.46,4.3809,86.413,913.62,486.13,393.92,533.11,833.34,488.16,119.25,60.279,1268.64,237.71,19957.0,54.514,55.729,4633.38,54.914,95.28,142.29,136.79,718.878,250.0,489.53
2026-09-11,677.43,783.67,4.3614,86.384,912.1,483.3,391.92,532.2,830.72,487.51,119.29,60.22,1250.34,239.89,20062.0,54.454,55.674,4654.38,55.103,95.37,143.58,137.64,719.44,251.07,492.49
2026-09-14,676.98,781.49,4.3799,86.325,911.85,482.31,391.57,532.12,826.08,485.94,119.38,60.23,1253.43,239.63,20034.0,54.497,55.715,4643.17,55.21,95.62,144.02,137.97,720.415,251.28,491.95
2026-09-15,676.7,778.11,4.3592,86.27,909.92,480.91,389.33,530.68,825.26,484.53,119.44,60.359,1257.21,240.91,20075.0,54.538,55.768,4690.77,55.687,96.07,144.87,138.55,721.363,253.67,494.15
2026-09-16,676.28,777.62,4.3419,86.21,908.3,480.43,387.67,529.51,823.67,483.91,119.53,60.426,1254.2,241.16,20351.0,54.509,55.746,4692.08,55.727,96.13,145.14,138.8,721.33,253.88,495.19
2026-09-17,675.8,773.5,4.3252,86.154,902.89,478.41,386.12,528.05,817.45,481.96,119.61,60.617,1253.2,242.78,20467.0,54.47,55.709,4711.54,56.327,96.62,146.11,139.77,721.235,255.18,496.2
2026-09-18,675.21,772.57,4.3173,86.062,899.58,478.6,385.45,527.91,816.83,480.88,119.74,60.776,1260.77,241.45,20549.0,54.592,55.835,4691.64,56.322,96.76,145.97,140.04,724.009,254.59,495.51
2026-09-21,674.87,771.92,4.2898,86.025,900.44,478.91,384.59,527.2,818.09,480.23,119.78,60.614,1259.47,241.52,20650.0,54.654,55.886,4714.88,56.44,96.85,146.31,140.06,725.16,255.69,496.84
2026-09-22,674.59,770.59,4.2794,85.974,898.63,478.5,383.76,526.87,819.25,478.71,119.87,60.576,1245.76,241.47,20399.0,54.669,55.908,4685.12,56.32,97.01,146.44,140.55,725.927,255.69,495.57
2026-09-23,674.68,769.35,4.2754,86.015,896.8,477.95,384.53,527.23,819.3,477.56,119.8,60.517,1256.59,240.57,20156.0,54.678,55.904,4700.28,56.457,97.18,146.38,140.59,726.452,256.97,493.92
2026-09-24,674.89,766.31,4.259,86.054,891.53,473.87,382.19,525.98,816.62,477.35,119.75,60.657,1262.64,242.89,20310.0,54.552,55.772,4761.97,57.065,97.53,147.31,140.94,725.097,260.26,497.28
2026-09-28,673.99,765.64,4.2685,85.923,890.07,471.82,380.51,526.2,811.23,475.1,119.94,60.532,1254.69,242.75,20180.0,54.622,55.836,4767.81,57.062,97.62,147.72,141.58,727.886,263.34,497.62
2026-09-29,674.11,764.94,4.275,85.935,891.72,471.97,381.0,526.73,809.14,474.49,119.92,60.647,1257.11,243.72,20216.0,54.596,55.81,4795.75,57.081,97.71,148.05,141.79,728.073,266.92,500.02
2026-09-30,673.51,762.15,4.2727,85.842,889.18,469.59,378.99,526.07,806.08,473.41,120.05,60.67,1250.65,243.9,20170.0,54.67,55.89,4811.44,57.259,98.09,148.74,142.91,729.08,268.25,500.01
